,Run,Run start,Run end,"Run length (y, m, d, s)",Run length (days),Control directory,Output directory,Output GiB,Restart directory,Restart GiB,Run by,Run completion date,Job Id,Failed jobs,Failed jobids,Queue,Service Units,Walltime Used (hr),SU per model year,Walltime (hr) per model year,Wait (hr) between runs,SU per calendar day,Model years per calendar day,Memory Used (Gb),NCPUs Used,MOM NCPUs,CICE NCPUs,Fraction of MOM runtime in oasis_recv,Max MOM wait for oasis_recv (s),Max CICE wait for coupler (s),Max CICE I/O time (s),MOM tile layout,CICE tile distribution,CICE block_size_x,CICE block_size_y,Timestep (s),MOM barotropic split,CICE dynamic split (ndtd),Git hash of run,Commit date,Git-tracked file changes,Git log messages,accessom2.nml -> date_manager_nml -> restart_period,ice/cice_in.nml -> icefields_nml -> f_sinz,ice/cice_in.nml -> icefields_nml -> f_tinz,ice/cice_in.nml -> setup_nml -> istep0,ice/cice_in.nml -> setup_nml -> use_restart_time
,732,1958-01-01T00:00:00,1958-02-01T00:00:00,"[0, 1, 0, 0]",31.0,/home/156/aek156/payu/01deg_jra55v140_iaf_cycle4,/g/data/ik11/outputs/access-om2-01/01deg_jra55v140_iaf_cycle4/output732,47.362,,,Andrew Kiss,2021-11-29T17:41:15,31951127,13,"[31355840, 31377461, 31386601, 31671617, 31684849, 31689037, 31689499, 31691160, 31800617, 31802775, 31815828, 31833991, 31895394]",normal,19133.55,0.7877777777777778,225436.42379032256,9.281801075268817,,,,12441.599999999627,12144,10461,1682,0.056,153.043874,968.54,165.41,"[150, 100]",sectrobin,18,15,540,80,2,756eee2f45300df89379d97cfcef04922d920c82,2021-11-29 17:22:09 +1100,,,"[0, 1, 0]",md,md,4743360,False
,733,1958-02-01T00:00:00,1958-03-01T00:00:00,"[0, 1, 0, 0]",28.0,/home/156/aek156/payu/01deg_jra55v140_iaf_cycle4,/g/data/ik11/outputs/access-om2-01/01deg_jra55v140_iaf_cycle4/output733,45.843,,,Andrew Kiss,2021-11-29T19:44:54,31968155,0,[],normal,17386.16,0.7158333333333333,226796.24785714288,9.33779017857143,1.3450000000000002,202475.2964011322,0.8927629901913975,12492.799999999814,12144,10461,1682,0.053,128.828245,916.46,143.09,"[150, 100]",sectrobin,18,15,540,80,2,71862b84dc71c50744380943cfd7e734df89f933,2021-11-29 19:03:14 +1100,"ice/cice_in.nml, manifests/input.yaml, manifests/restart.yaml, run_summary_home_156_aek156_payu_01deg_jra55v140_iaf_cycle4.csv","['update run summary', 'set use_restart_time  = .true. in ice/cice_in.nml for 2nd run onwards', '2021-11-29 19:03:14: Run 733']","[0, 1, 0]",md,md,4749840,True
,734,1958-03-01T00:00:00,1958-04-01T00:00:00,"[0, 1, 0, 0]",31.0,/home/156/aek156/payu/01deg_jra55v140_iaf_cycle4,/g/data/ik11/outputs/access-om2-01/01deg_jra55v140_iaf_cycle4/output734,47.344,,,Andrew Kiss,2021-11-29T20:35:35,31975360,0,[],normal,18209.25,0.7497222222222222,214546.0826612903,8.83342069892473,0.09500000000000008,517355.8697796777,2.4113974180383493,12400.639999999665,12144,10461,1682,0.054,142.578292,1030.03,155.77,"[150, 100]",sectrobin,18,15,540,80,2,7701ab5bc473dab77779a6e5771546d93b539f08,2021-11-29 20:19:16 +1100,"manifests/restart.yaml, run_summary_home_156_aek156_payu_01deg_jra55v140_iaf_cycle4.csv","['2021-11-29 19:51:23: Run 734', 'update run summary']","[0, 1, 0]",md,md,4756320,True
,735,1958-04-01T00:00:00,1958-05-01T00:00:00,"[0, 1, 0, 0]",30.0,/home/156/aek156/payu/01deg_jra55v140_iaf_cycle4,/g/data/ik11/outputs/access-om2-01/01deg_jra55v140_iaf_cycle4/output735,46.812,,,Andrew Kiss,2021-11-29T21:20:39,31980269,0,[],normal,17885.41,0.7363888888888889,217754.86675000002,8.965534722222223,0.014722222222222192,571486.4733727811,2.624448683523079,12482.55999999959,12144,10461,1682,0.052,135.26949,992.87,146.16,"[150, 100]",sectrobin,18,15,540,80,2,7ec39b99c010bd604701cae4f47d451c35e00935,2021-11-29 21:03:33 +1100,"manifests/restart.yaml, run_summary_home_156_aek156_payu_01deg_jra55v140_iaf_cycle4.csv","['2021-11-29 20:37:18: Run 735', 'update run summary']","[0, 1, 0]",md,md,4762800,True
,736,1958-05-01T00:00:00,1958-06-01T00:00:00,"[0, 1, 0, 0]",31.0,/home/156/aek156/payu/01deg_jra55v140_iaf_cycle4,/g/data/ik11/outputs/access-om2-01/01deg_jra55v140_iaf_cycle4/output736,47.55,,,Andrew Kiss,2021-11-29T22:08:07,31984929,0,[],normal,18404.91,0.7577777777777778,216851.39927419354,8.928333333333333,0.033333333333333326,558351.202247191,2.574810234639965,12441.599999999627,12144,10461,1682,0.054,142.393993,1020.55,154.58,"[150, 100]",sectrobin,18,15,540,80,2,ff5f9365a691b6df06b4f31304ac944bb46b71c9,2021-11-29 21:51:31 +1100,"manifests/restart.yaml, run_summary_home_156_aek156_payu_01deg_jra55v140_iaf_cycle4.csv","['2021-11-29 21:23:40: Run 736', 'update run summary']","[0, 1, 0]",md,md,4769280,True
,737,1958-06-01T00:00:00,1958-07-01T00:00:00,"[0, 1, 0, 0]",30.0,/home/156/aek156/payu/01deg_jra55v140_iaf_cycle4,/g/data/ik11/outputs/access-om2-01/01deg_jra55v140_iaf_cycle4/output737,47.244,,,Andrew Kiss,2021-11-29T22:55:44,31988175,0,[],normal,18391.41,0.7572222222222222,223915.41675,9.219180555555557,0.036388888888888915,556184.04760238,2.4839024292077028,12574.71999999974,12144,10461,1682,0.056,144.484814,976.2,156.38,"[150, 100]",sectrobin,18,15,540,80,2,b9d8df6404bea7b1a6ff4b3274a460213dee298e,2021-11-29 22:38:06 +1100,"manifests/restart.yaml, run_summary_home_156_aek156_payu_01deg_jra55v140_iaf_cycle4.csv","['2021-11-29 22:10:54: Run 737', 'update run summary']","[0, 1, 0]",md,md,4775760,True
,738,1958-07-01T00:00:00,1958-08-01T00:00:00,"[0, 1, 0, 0]",31.0,/home/156/aek156/payu/01deg_jra55v140_iaf_cycle4,/g/data/ik11/outputs/access-om2-01/01deg_jra55v140_iaf_cycle4/output738,47.838,,,Andrew Kiss,2021-11-29T23:43:33,31990661,0,[],normal,18951.39,0.7802777777777777,223290.1676612903,9.193434139784946,0.01666666666666672,570721.5392122691,2.5559635929782574,12492.799999999814,12144,10461,1682,0.059,161.671816,1029.19,162.75,"[150, 100]",sectrobin,18,15,540,80,2,f74adfc4d0d78d73917febd6bbf7461f9c539eb7,2021-11-29 22:57:34 +1100,manifests/restart.yaml,['2021-11-29 22:57:34: Run 738'],"[0, 1, 0]",md,md,4782240,True
,739,1958-08-01T00:00:00,1958-09-01T00:00:00,"[0, 1, 0, 0]",31.0,/home/156/aek156/payu/01deg_jra55v140_iaf_cycle4,/g/data/ik11/outputs/access-om2-01/01deg_jra55v140_iaf_cycle4/output739,47.724,,,Andrew Kiss,2021-11-30T00:32:32,31992727,0,[],normal,18998.61,0.7822222222222223,223846.52588709677,9.216344086021506,0.03416666666666668,558516.4695474651,2.4950866104983396,12523.519999999553,12144,10461,1682,0.054,148.773267,1027.11,160.8,"[150, 100]",sectrobin,18,15,540,80,2,3cc2a212a24f3a09e49fba909d5643789678fa2d,2021-11-30 00:17:13 +1100,"manifests/restart.yaml, run_summary_home_156_aek156_payu_01deg_jra55v140_iaf_cycle4.csv","['2021-11-29 23:46:31: Run 739', 'update run summary']","[0, 1, 0]",md,md,4788720,True
,740,1958-09-01T00:00:00,1958-10-01T00:00:00,"[0, 1, 0, 0]",30.0,/home/156/aek156/payu/01deg_jra55v140_iaf_cycle4,/g/data/ik11/outputs/access-om2-01/01deg_jra55v140_iaf_cycle4/output740,47.301,,,Andrew Kiss,2021-11-30T01:21:10,31994350,0,[],normal,19072.83,0.7852777777777777,232211.70525000003,9.560756944444444,0.025277777777777843,564733.5544893763,2.4319771214004136,12472.320000000298,12144,10461,1682,0.048,130.948282,1028.97,142.19,"[150, 100]",sectrobin,18,15,540,80,2,1c1ca8c43d38011428b6702b7eeea9c86e435c47,2021-11-30 01:02:23 +1100,"manifests/restart.yaml, run_summary_home_156_aek156_payu_01deg_jra55v140_iaf_cycle4.csv","['2021-11-30 00:35:10: Run 740', 'update run summary']","[0, 1, 0]",md,md,4795200,True
,741,1958-10-01T00:00:00,1958-11-01T00:00:00,"[0, 1, 0, 0]",31.0,/home/156/aek156/payu/01deg_jra55v140_iaf_cycle4,/g/data/ik11/outputs/access-om2-01/01deg_jra55v140_iaf_cycle4/output741,48.04,,,Andrew Kiss,2021-11-30T02:09:40,31995762,0,[],normal,19072.83,0.7852777777777777,224721.00508064518,9.252345430107527,0.023055555555555607,566286.0865979382,2.519951734795402,12441.599999999627,12144,10461,1682,0.055,148.706195,1026.06,161.36,"[150, 100]",sectrobin,18,15,540,80,2,f2690dc39ebee7b2521be7535f0dfd6a715cde16,2021-11-30 01:56:39 +1100,"manifests/restart.yaml, run_summary_home_156_aek156_payu_01deg_jra55v140_iaf_cycle4.csv","['2021-11-30 01:23:48: Run 741', 'update run summary']","[0, 1, 0]",md,md,4801680,True
,742,1958-11-01T00:00:00,1958-12-01T00:00:00,"[0, 1, 0, 0]",30.0,/home/156/aek156/payu/01deg_jra55v140_iaf_cycle4,/g/data/ik11/outputs/access-om2-01/01deg_jra55v140_iaf_cycle4/output742,47.727,,,Andrew Kiss,2021-11-30T02:56:29,31997183,0,[],normal,18256.48,0.7516666666666667,222272.644,9.151541666666667,0.02861111111111103,561537.868280527,2.5263471841389844,12462.080000000075,12144,10461,1682,0.051,131.793912,942.33,143.64,"[150, 100]",sectrobin,18,15,540,80,2,3c1ae8981d979a9681176c1078e627aa6745e556,2021-11-30 02:40:05 +1100,"manifests/restart.yaml, run_summary_home_156_aek156_payu_01deg_jra55v140_iaf_cycle4.csv","['2021-11-30 02:12:29: Run 742', 'update run summary']","[0, 1, 0]",md,md,4808160,True
,743,1958-12-01T00:00:00,1959-01-01T00:00:00,"[0, 1, 0, 0]",31.0,/home/156/aek156/payu/01deg_jra55v140_iaf_cycle4,/g/data/ik11/outputs/access-om2-01/01deg_jra55v140_iaf_cycle4/output743,48.651,/scratch/v45/aek156/access-om2/archive/01deg_jra55v140_iaf_cycle4/restart743,70.821,Andrew Kiss,2021-11-30T03:42:50,31998270,0,[],normal,18283.47,0.7527777777777778,215420.5618548387,8.869422043010752,0.019722222222222197,568030.1359223302,2.6368426998398493,12441.599999999627,12144,10461,1682,0.054,142.340776,941.07,153.8,"[150, 100]",sectrobin,18,15,540,80,2,b9fc2c82cc58652f42be0a24a3a339603c196cfd,2021-11-30 03:25:15 +1100,"manifests/restart.yaml, run_summary_home_156_aek156_payu_01deg_jra55v140_iaf_cycle4.csv","['2021-11-30 02:58:32: Run 743', 'update run summary']","[0, 1, 0]",md,md,4814640,True
,744,1959-01-01T00:00:00,1959-02-01T00:00:00,"[0, 1, 0, 0]",31.0,/home/156/aek156/payu/01deg_jra55v140_iaf_cycle4,/g/data/ik11/outputs/access-om2-01/01deg_jra55v140_iaf_cycle4/output744,48.59,,,Andrew Kiss,2021-11-30T04:29:11,31999435,0,[],normal,18418.4,0.7583333333333333,217010.34193548388,8.934879032258063,0.01416666666666666,572222.1359223302,2.6368426998398493,12482.55999999959,12144,10461,1682,0.054,144.396078,976.28,153.23,"[150, 100]",sectrobin,18,15,540,80,2,cba6b0b3f31e73e38631dab1cf0e47191fe7f604,2021-11-30 04:10:29 +1100,"manifests/restart.yaml, run_summary_home_156_aek156_payu_01deg_jra55v140_iaf_cycle4.csv","['2021-11-30 03:44:33: Run 744', 'update run summary']","[0, 1, 0]",md,md,4821120,True
,745,1959-02-01T00:00:00,1959-03-01T00:00:00,"[0, 1, 0, 0]",28.0,/home/156/aek156/payu/01deg_jra55v140_iaf_cycle4,/g/data/ik11/outputs/access-om2-01/01deg_jra55v140_iaf_cycle4/output745,46.535,,,Andrew Kiss,2021-11-30T05:12:50,32000095,0,[],normal,16961.12,0.6983333333333334,221251.75285714286,9.10950892857143,0.029166666666666674,559542.1030927834,2.528983819866353,12400.639999999665,12144,10461,1682,0.051,125.24039,935.67,138.73,"[150, 100]",sectrobin,18,15,540,80,2,825a2675215d82a94281ca0428bcd5746c9966c7,2021-11-30 04:57:53 +1100,"manifests/restart.yaml, run_summary_home_156_aek156_payu_01deg_jra55v140_iaf_cycle4.csv","['2021-11-30 04:31:43: Run 745', 'update run summary']","[0, 1, 0]",md,md,4827600,True
,747,1959-04-01T00:00:00,1959-05-01T00:00:00,"[0, 1, 0, 0]",30.0,/home/156/aek156/payu/01deg_jra55v140_iaf_cycle4,/g/data/ik11/outputs/access-om2-01/01deg_jra55v140_iaf_cycle4/output747,47.176,,,Andrew Kiss,2021-11-30T06:47:13,32002536,1,[32001290],normal,18641.04,0.7675,226954.662,9.3443125,0.8055555555555557,284405.0602154335,1.2531360127576208,12451.839999999851,12144,10461,1682,0.05,130.361254,1001.24,142.41,"[150, 100]",sectrobin,18,15,540,80,2,6ad743d875c1c6ab56952da1bb82e654d8338ad7,2021-11-30 06:03:32 +1100,"manifests/restart.yaml, run_summary_home_156_aek156_payu_01deg_jra55v140_iaf_cycle4.csv","['2021-11-30 05:14:22: Run 746', 'update run summary', '2021-11-30 06:03:32: Run 747']","[0, 1, 0]",md,md,4840560,True
,748,1959-05-01T00:00:00,1959-06-01T00:00:00,"[0, 1, 0, 0]",31.0,/home/156/aek156/payu/01deg_jra55v140_iaf_cycle4,/g/data/ik11/outputs/access-om2-01/01deg_jra55v140_iaf_cycle4/output748,47.819,,,Andrew Kiss,2021-11-30T07:33:50,32003772,0,[],normal,18418.4,0.7583333333333333,217010.34193548388,8.934879032258063,0.018611111111111134,568948.7879871291,2.621758866018813,12441.599999999627,12144,10461,1682,0.061,162.086893,1015.61,154.91,"[150, 100]",sectrobin,18,15,540,80,2,78bce849eebf13ed800f4af849498459820f92dd,2021-11-30 07:13:09 +1100,"manifests/restart.yaml, run_summary_home_156_aek156_payu_01deg_jra55v140_iaf_cycle4.csv","['2021-11-30 06:49:08: Run 748', 'update run summary']","[0, 1, 0]",md,md,4847040,True
,749,1959-06-01T00:00:00,1959-07-01T00:00:00,"[0, 1, 0, 0]",30.0,/home/156/aek156/payu/01deg_jra55v140_iaf_cycle4,/g/data/ik11/outputs/access-om2-01/01deg_jra55v140_iaf_cycle4/output749,47.385,,,Andrew Kiss,2021-11-30T08:19:08,32004798,0,[],normal,18067.57,0.7438888888888889,219972.66475,9.056847222222224,0.011111111111111072,574333.3509933774,2.6109305519670367,12615.679999999702,12144,10461,1682,0.051,132.034309,984.85,144.79,"[150, 100]",sectrobin,18,15,540,80,2,8de4d64e12b9942c5e368f378d9dafb373cdba2f,2021-11-30 07:59:24 +1100,"manifests/restart.yaml, run_summary_home_156_aek156_payu_01deg_jra55v140_iaf_cycle4.csv","['2021-11-30 07:35:19: Run 749', 'update run summary']","[0, 1, 0]",md,md,4853520,True
,750,1959-07-01T00:00:00,1959-08-01T00:00:00,"[0, 1, 0, 0]",31.0,/home/156/aek156/payu/01deg_jra55v140_iaf_cycle4,/g/data/ik11/outputs/access-om2-01/01deg_jra55v140_iaf_cycle4/output750,48.016,,,Andrew Kiss,2021-11-30T09:07:30,32005886,0,[],normal,18971.63,0.7811111111111111,223528.64056451613,9.203252688172043,0.025000000000000022,564834.194348725,2.5268985348913233,12451.839999999851,12144,10461,1682,0.052,138.618122,1016.09,150.48,"[150, 100]",sectrobin,18,15,540,80,2,0d28380571cf906cbf71130dfde8260acae41270,2021-11-30 08:46:19 +1100,"manifests/restart.yaml, run_summary_home_156_aek156_payu_01deg_jra55v140_iaf_cycle4.csv","['2021-11-30 08:21:21: Run 750', 'update run summary']","[0, 1, 0]",md,md,4860000,True
,751,1959-08-01T00:00:00,1959-09-01T00:00:00,"[0, 1, 0, 0]",31.0,/home/156/aek156/payu/01deg_jra55v140_iaf_cycle4,/g/data/ik11/outputs/access-om2-01/01deg_jra55v140_iaf_cycle4/output751,47.956,,,Andrew Kiss,2021-11-30T09:58:37,32009151,0,[],normal,20347.95,0.8377777777777777,239744.79798387096,9.870913978494622,0.01416666666666666,573219.0674926639,2.390955183650023,12421.120000000112,12144,10461,1682,0.129,378.945233,1025.55,159.58,"[150, 100]",sectrobin,18,15,540,80,2,15f54907963b00da774c6fe66b4e553ab33682f2,2021-11-30 09:52:19 +1100,"manifests/restart.yaml, run_summary_home_156_aek156_payu_01deg_jra55v140_iaf_cycle4.csv","['2021-11-30 09:09:13: Run 751', 'update run summary']","[0, 1, 0]",md,md,4866480,True
,752,1959-09-01T00:00:00,1959-10-01T00:00:00,"[0, 1, 0, 0]",30.0,/home/156/aek156/payu/01deg_jra55v140_iaf_cycle4,/g/data/ik11/outputs/access-om2-01/01deg_jra55v140_iaf_cycle4/output752,47.421,,,Andrew Kiss,2021-11-30T10:44:37,32012562,0,[],normal,18236.24,0.7508333333333334,222026.22200000004,9.141395833333334,0.015833333333333366,570873.6000000001,2.5711990000892775,12421.120000000112,12144,10461,1682,0.049,129.187529,1004.16,144.4,"[150, 100]",sectrobin,18,15,540,80,2,f49be530e92970fd3f53d784d6a665dbc7acbcd8,2021-11-30 10:27:46 +1100,"manifests/restart.yaml, run_summary_home_156_aek156_payu_01deg_jra55v140_iaf_cycle4.csv","['2021-11-30 10:00:24: Run 752', 'update run summary']","[0, 1, 0]",md,md,4872960,True
,753,1959-10-01T00:00:00,1959-11-01T00:00:00,"[0, 1, 0, 0]",31.0,/home/156/aek156/payu/01deg_jra55v140_iaf_cycle4,/g/data/ik11/outputs/access-om2-01/01deg_jra55v140_iaf_cycle4/output753,48.126,,,Andrew Kiss,2021-11-30T11:33:54,32015426,0,[],normal,19295.47,0.7944444444444444,227344.20701612905,9.36034946236559,0.026944444444444438,563790.5336489687,2.479898393051952,12421.120000000112,12144,10461,1682,0.059,162.844299,1033.49,154.97,"[150, 100]",sectrobin,18,15,540,80,2,b54c804eeedeac3ea7f24944799c39f82cf7a8ff,2021-11-30 11:15:09 +1100,"manifests/restart.yaml, run_summary_home_156_aek156_payu_01deg_jra55v140_iaf_cycle4.csv","['2021-11-30 10:47:01: Run 753', 'update run summary']","[0, 1, 0]",md,md,4879440,True
,754,1959-11-01T00:00:00,1959-12-01T00:00:00,"[0, 1, 0, 0]",30.0,/home/156/aek156/payu/01deg_jra55v140_iaf_cycle4,/g/data/ik11/outputs/access-om2-01/01deg_jra55v140_iaf_cycle4/output754,47.747,,,Andrew Kiss,2021-11-30T12:18:35,32020327,0,[],normal,17919.15,0.7377777777777778,218165.65125000002,8.982444444444445,0.00694444444444442,577476.5236851922,2.6469635360859405,12390.400000000373,12144,10461,1682,0.051,130.990664,949.14,145.55,"[150, 100]",sectrobin,18,15,540,80,2,5b2b0a71f88bba565ddb69992479fb237f6634bb,2021-11-30 12:02:13 +1100,"ice/cice_in.nml, manifests/restart.yaml, run_summary_home_156_aek156_payu_01deg_jra55v140_iaf_cycle4.csv","['2021-11-30 11:35:04: Run 754', 'turn off daily and monthly output of ice T, S profiles (Tinz, Sinz)', 'update run summary']","[0, 1, 0]",md,md,4885920,True
,755,1959-12-01T00:00:00,1960-01-01T00:00:00,"[0, 1, 0, 0]",31.0,/home/156/aek156/payu/01deg_jra55v140_iaf_cycle4,/g/data/ik11/outputs/access-om2-01/01deg_jra55v140_iaf_cycle4/output755,41.433,/scratch/v45/aek156/access-om2/archive/01deg_jra55v140_iaf_cycle4/restart755,70.844,Andrew Kiss,2021-11-30T13:03:09,32022025,0,[],normal,17871.92,0.7358333333333333,210571.57354838707,8.669778225806452,0.00694444444444442,577462.1869857891,2.742355852002476,12410.879999999888,12144,10461,1682,0.039,100.896579,931.9,114.42,"[150, 100]",sectrobin,18,15,540,80,2,b8a646d8394989fe4027da7c6016fd05991e697d,2021-11-30 12:43:46 +1100,"manifests/restart.yaml, run_summary_home_156_aek156_payu_01deg_jra55v140_iaf_cycle4.csv","['2021-11-30 12:19:45: Run 755', 'update run summary']","[0, 1, 0]",x,x,4892400,True
,756,1960-01-01T00:00:00,1960-04-01T00:00:00,"[0, 3, 0, 0]",91.0,/home/156/aek156/payu/01deg_jra55v140_iaf_cycle4,/g/data/ik11/outputs/access-om2-01/01deg_jra55v140_iaf_cycle4/output756,121.835,,,Andrew Kiss,2021-11-30T17:51:58,32029754,1,[32023774],normal,57204.99,2.355277777777778,229605.74282967031,9.453463827838828,2.4583333333333335,285216.177275088,1.2421996669598612,13527.040000000037,12144,10461,1682,0.199,1666.328381,3165.49,1420.94,"[150, 100]",sectrobin,18,15,540,80,2,13c9a9112ce0accd1d9a79bb378423b9be6308e8,2021-11-30 15:21:28 +1100,"accessom2.nml, config.yaml, manifests/restart.yaml, run_summary_home_156_aek156_payu_01deg_jra55v140_iaf_cycle4.csv","['2021-11-30 13:04:21: Run 756', 'update run summary', 'switch to 3mo runs from 1960-01-01 (run 756) onwards', 'request 5hr walltime']","[0, 3, 0]",x,x,4898880,True
,757,1960-04-01T00:00:00,1960-07-01T00:00:00,"[0, 3, 0, 0]",91.0,/home/156/aek156/payu/01deg_jra55v140_iaf_cycle4,/g/data/ik11/outputs/access-om2-01/01deg_jra55v140_iaf_cycle4/output757,121.234,,,Andrew Kiss,2021-11-30T20:19:28,32038893,0,[],normal,58628.53,2.4138888888888888,235319.45695054944,9.688713369963368,0.04444444444444473,572373.4454237288,2.4323252009884104,13608.959999999963,12144,10461,1682,0.218,1903.627393,3206.91,1352.77,"[150, 100]",sectrobin,18,15,540,80,2,5d3961b8278005d15d930734869c43505a0956ce,2021-11-30 18:43:47 +1100,"manifests/restart.yaml, run_summary_home_156_aek156_payu_01deg_jra55v140_iaf_cycle4.csv","['2021-11-30 17:55:30: Run 757', 'update run summary']","[0, 3, 0]",x,x,4905360,True
,758,1960-07-01T00:00:00,1960-10-01T00:00:00,"[0, 3, 0, 0]",92.0,/home/156/aek156/payu/01deg_jra55v140_iaf_cycle4,/g/data/ik11/outputs/access-om2-01/01deg_jra55v140_iaf_cycle4/output758,122.071,,,Andrew Kiss,2021-11-30T22:51:42,32045250,0,[],normal,61118.05,2.516388888888889,242645.3017663044,9.99033740942029,0.02083333333333348,578125.631705715,2.38259561383355,13455.360000000335,12144,10461,1682,0.232,2077.883317,3191.76,2093.2,"[150, 100]",sectrobin,18,15,540,80,2,f4d1138a63e127b8fd708f1776ddc5f090cf3d35,2021-11-30 21:04:59 +1100,"manifests/restart.yaml, run_summary_home_156_aek156_payu_01deg_jra55v140_iaf_cycle4.csv","['2021-11-30 20:21:31: Run 758', 'update run summary']","[0, 3, 0]",x,x,4911840,True
,759,1960-10-01T00:00:00,1961-01-01T00:00:00,"[0, 3, 0, 0]",92.0,/home/156/aek156/payu/01deg_jra55v140_iaf_cycle4,/g/data/ik11/outputs/access-om2-01/01deg_jra55v140_iaf_cycle4/output759,122.429,/scratch/v45/aek156/access-om2/archive/01deg_jra55v140_iaf_cycle4/restart759,70.84,Andrew Kiss,2021-12-01T01:34:52,32053182,1,[32052615],normal,58061.81,2.3905555555555558,230511.69676630435,9.490765398550726,0.3288888888888888,512414.7481103166,2.222944671783008,13475.839999999851,12144,10461,1682,0.174,1503.651146,3104.09,1312.62,"[150, 100]",sectrobin,18,15,540,80,2,0c7700ca2cbfb64a57f5164822648587d281894f,2021-11-30 23:40:21 +1100,"manifests/restart.yaml, run_summary_home_156_aek156_payu_01deg_jra55v140_iaf_cycle4.csv","['2021-11-30 22:52:50: Run 759', 'update run summary']","[0, 3, 0]",x,x,4918320,True
,760,1961-01-01T00:00:00,1961-04-01T00:00:00,"[0, 3, 0, 0]",90.0,/home/156/aek156/payu/01deg_jra55v140_iaf_cycle4,/g/data/ik11/outputs/access-om2-01/01deg_jra55v140_iaf_cycle4/output760,121.506,,,Andrew Kiss,2021-12-01T03:42:33,32057816,0,[],normal,50573.01,2.082222222222222,205242.13225000002,8.450351851851853,0.04583333333333339,570357.4029500065,2.778948925824203,13363.200000000186,12144,10461,1682,0.111,823.499613,3103.03,705.47,"[150, 100]",sectrobin,18,15,540,80,2,a90b63f11e140cd3c2e0d039d8773d09bff1e889,2021-12-01 02:27:20 +1100,"manifests/restart.yaml, run_summary_home_156_aek156_payu_01deg_jra55v140_iaf_cycle4.csv","['2021-12-01 01:38:32: Run 760', 'update run summary']","[0, 3, 0]",x,x,4924800,True
,761,1961-04-01T00:00:00,1961-07-01T00:00:00,"[0, 3, 0, 0]",91.0,/home/156/aek156/payu/01deg_jra55v140_iaf_cycle4,/g/data/ik11/outputs/access-om2-01/01deg_jra55v140_iaf_cycle4/output761,121.511,,,Andrew Kiss,2021-12-01T05:41:34,32061170,0,[],normal,47678.69,1.9630555555555556,191369.68706043955,7.87918727106227,0.02055555555555566,576871.4208094104,3.014434677040671,13649.919999999925,12144,10461,1682,0.042,292.848431,3203.68,313.56,"[150, 100]",sectrobin,18,15,540,80,2,bcb50021804b630fcba3e0c670a35677f7d5f1ef,2021-12-01 04:27:50 +1100,"manifests/restart.yaml, run_summary_home_156_aek156_payu_01deg_jra55v140_iaf_cycle4.csv","['2021-12-01 03:44:43: Run 761', 'update run summary']","[0, 3, 0]",x,x,4931280,True
,762,1961-07-01T00:00:00,1961-10-01T00:00:00,"[0, 3, 0, 0]",92.0,/home/156/aek156/payu/01deg_jra55v140_iaf_cycle4,/g/data/ik11/outputs/access-om2-01/01deg_jra55v140_iaf_cycle4/output762,122.288,,,Andrew Kiss,2021-12-01T10:50:14,32066423,1,[32063388],normal,49432.83,2.035277777777778,196253.70823369568,8.08027400362319,3.109166666666667,230615.36241900647,1.1750879231509526,13547.519999999553,12144,10461,1682,0.044,317.229325,3262.0,342.52,"[150, 100]",sectrobin,18,15,540,80,2,5304ebd97807ab34d79adb50e1b95ffac9c0ad27,2021-12-01 06:29:47 +1100,"manifests/restart.yaml, run_summary_home_156_aek156_payu_01deg_jra55v140_iaf_cycle4.csv","['2021-12-01 05:44:35: Run 762', 'update run summary']","[0, 3, 0]",x,x,4937760,True
,763,1961-10-01T00:00:00,1962-01-01T00:00:00,"[0, 3, 0, 0]",92.0,/home/156/aek156/payu/01deg_jra55v140_iaf_cycle4,/g/data/ik11/outputs/access-om2-01/01deg_jra55v140_iaf_cycle4/output763,122.573,/scratch/v45/aek156/access-om2/archive/01deg_jra55v140_iaf_cycle4/restart763,70.843,Andrew Kiss,2021-12-01T12:55:19,32070449,0,[],normal,49223.68,2.026666666666667,195423.36000000002,8.04608695652174,0.058055555555555305,566679.0075949368,2.8997506111599796,13404.160000000149,12144,10461,1682,0.044,320.104322,3088.97,341.42,"[150, 100]",sectrobin,18,15,540,80,2,32a18e172bef28fbb0fe29ee9cf09fda2d9f4829,2021-12-01 11:37:18 +1100,"manifests/restart.yaml, run_summary_home_156_aek156_payu_01deg_jra55v140_iaf_cycle4.csv","['2021-12-01 10:55:11: Run 763', 'update run summary']","[0, 3, 0]",x,x,4944240,True
,764,1962-01-01T00:00:00,1962-04-01T00:00:00,"[0, 3, 0, 0]",90.0,/home/156/aek156/payu/01deg_jra55v140_iaf_cycle4,/g/data/ik11/outputs/access-om2-01/01deg_jra55v140_iaf_cycle4/output764,106.921,,,Andrew Kiss,2021-12-01T14:52:16,32075323,0,[],normal,47219.92,1.9441666666666666,191634.17533333335,7.890076388888889,0.0050000000000001155,581416.7148353998,3.0339928346500242,13424.639999999665,12144,10461,1682,0.042,293.474639,3135.99,312.5,"[150, 100]",sectrobin,18,15,540,80,2,1a9b026bc23168e9cd9268c3208d1d1e19f8c89d,2021-12-01 13:37:40 +1100,"manifests/restart.yaml, run_summary_home_156_aek156_payu_01deg_jra55v140_iaf_cycle4.csv","['2021-12-01 12:56:33: Run 764', 'update run summary']","[0, 3, 0]",x,x,4950720,True
,765,1962-04-01T00:00:00,1962-07-01T00:00:00,"[0, 3, 0, 0]",91.0,/home/156/aek156/payu/01deg_jra55v140_iaf_cycle4,/g/data/ik11/outputs/access-om2-01/01deg_jra55v140_iaf_cycle4/output765,84.553,,,Andrew Kiss,2021-12-01T16:49:20,32080691,0,[],normal,47280.64,1.9466666666666668,189772.01934065932,7.813406593406594,0.004444444444444251,581584.1822323463,3.0646466441838602,13557.759999999776,12144,10461,1682,0.042,291.30818,3162.26,312.09,"[150, 100]",sectrobin,18,15,540,80,2,31f77498b75abfca530084bb8d6c676fda6c8ea5,2021-12-01 14:53:18 +1100,manifests/restart.yaml,['2021-12-01 14:53:18: Run 765'],"[0, 3, 0]",x,x,4957200,True
,766,1962-07-01T00:00:00,1962-10-01T00:00:00,"[0, 3, 0, 0]",92.0,/home/156/aek156/payu/01deg_jra55v140_iaf_cycle4,/g/data/ik11/outputs/access-om2-01/01deg_jra55v140_iaf_cycle4/output766,122.23,,,Andrew Kiss,2021-12-01T18:54:35,32085256,0,[],normal,49378.85,2.0330555555555554,196039.40176630436,8.071451539855072,0.05444444444444452,567708.9341317366,2.895891994245595,13434.879999999888,12144,10461,1682,0.04,292.832114,3263.0,316.95,"[150, 100]",sectrobin,18,15,540,80,2,07e53e1c04324af0f7226a338a2802273405d743,2021-12-01 16:53:19 +1100,manifests/restart.yaml,['2021-12-01 16:53:19: Run 766'],"[0, 3, 0]",x,x,4963680,True
,767,1962-10-01T00:00:00,1963-01-01T00:00:00,"[0, 3, 0, 0]",92.0,/home/156/aek156/payu/01deg_jra55v140_iaf_cycle4,/g/data/ik11/outputs/access-om2-01/01deg_jra55v140_iaf_cycle4/output767,122.69,/scratch/v45/aek156/access-om2/archive/01deg_jra55v140_iaf_cycle4/restart767,70.858,Andrew Kiss,2021-12-02T00:59:53,32093785,1,[32089133],normal,48852.61,2.011388888888889,193950.17176630438,7.9854325181159425,4.076944444444444,192575.30358609365,0.9929112298912148,13537.28000000026,12144,10461,1682,0.042,303.874323,3120.48,323.63,"[150, 100]",sectrobin,18,15,540,80,2,26b72697b0ad2d111e2ff74d2e0862c2b12a9ef4,2021-12-01 20:40:32 +1100,"manifests/restart.yaml, run_summary_home_156_aek156_payu_01deg_jra55v140_iaf_cycle4.csv","['2021-12-01 19:02:58: Run 767', 'update run summary']","[0, 3, 0]",x,x,4970160,True
,768,1963-01-01T00:00:00,1963-04-01T00:00:00,"[0, 3, 0, 0]",90.0,/home/156/aek156/payu/01deg_jra55v140_iaf_cycle4,/g/data/ik11/outputs/access-om2-01/01deg_jra55v140_iaf_cycle4/output768,121.811,,,hakase hayashida,2021-12-02T08:59:11,32104669,1,[32098892],normal,48346.61,1.9905555555555556,196206.65891666667,8.078337962962964,5.997777777777777,145251.65533069058,0.7402993156943883,13486.080000000075,12144,10461,1682,0.045,319.822209,3178.78,338.95,"[150, 100]",sectrobin,18,15,540,80,2,f8132c2b97c4dd3720ebd360ee15547df1e0efb0,2021-12-02 08:11:14 +1100,"config.yaml, set_nextdate.sh",['add set_nextdate.sh to enable saving of daily-mean every five days by modifying the reference date. This script is executed during `payu init` as defined by `config.yaml`.'],"[0, 3, 0]",x,x,4976640,True
,769,1963-04-01T00:00:00,1963-07-01T00:00:00,"[0, 3, 0, 0]",91.0,/home/156/aek156/payu/01deg_jra55v140_iaf_cycle4,/g/data/ik11/outputs/access-om2-01/01deg_jra55v140_iaf_cycle4/output769,121.582,,,Andrew Kiss,2021-12-02T11:00:22,32106491,0,[],normal,47935.07,1.9736111111111112,192398.72876373626,7.921554487179487,0.04611111111111099,569603.9125292257,2.960538856931293,13496.320000000298,12144,10461,1682,0.042,296.05168,3181.23,317.36,"[150, 100]",sectrobin,18,15,540,80,2,7945750a8d8f12a58eaea9cc697e1b2576c92055,2021-12-02 09:42:00 +1100,"config.yaml, manifests/restart.yaml, run_summary_home_156_aek156_payu_01deg_jra55v140_iaf_cycle4.csv, set_nextdate.sh",,"[0, 3, 0]",x,x,4983120,True
,770,1963-07-01T00:00:00,1963-10-01T00:00:00,"[0, 3, 0, 0]",92.0,/home/156/aek156/payu/01deg_jra55v140_iaf_cycle4,/g/data/ik11/outputs/access-om2-01/01deg_jra55v140_iaf_cycle4/output770,122.344,,,Andrew Kiss,2021-12-02T13:24:11,32110015,0,[],normal,56989.09,2.346388888888889,226252.88176630434,9.31541893115942,0.050555555555555465,570617.3804612353,2.522033646628305,13465.599999999627,12144,10461,1682,0.162,1395.106505,3206.71,743.72,"[150, 100]",sectrobin,18,15,540,80,2,308a1cb1e7719a5d45b3be922bf26f380ad081d6,2021-12-02 12:05:38 +1100,"config.yaml, manifests/restart.yaml, run_summary_home_156_aek156_payu_01deg_jra55v140_iaf_cycle4.csv, set_nextdate.sh","['2021-12-02 11:04:10: Run 770', ""Merge branch '01deg_jra55v140_iaf_cycle4' of https://github.com/COSIMA/01deg_jra55_iaf into 01deg_jra55v140_iaf_cycle4"", 'update run summary', 'make set_nextdate.sh executable']","[0, 3, 0]",x,x,4989600,True
,771,1963-10-01T00:00:00,1964-01-01T00:00:00,"[0, 3, 0, 0]",92.0,/home/156/aek156/payu/01deg_jra55v140_iaf_cycle4,/g/data/ik11/outputs/access-om2-01/01deg_jra55v140_iaf_cycle4/output771,122.582,/scratch/v45/aek156/access-om2/archive/01deg_jra55v140_iaf_cycle4/restart771,70.855,Andrew Kiss,2021-12-02T16:21:11,32116217,0,[],normal,56975.6,2.345833333333333,226199.325,9.313213315217391,0.604166666666667,463530.30508474575,2.0492117077924332,13383.679999999702,12144,10461,1682,0.177,1487.07446,3157.94,1124.96,"[150, 100]",sectrobin,18,15,540,80,2,c3b4ae33231e22894cd7052865a87f62060883f1,2021-12-02 14:13:34 +1100,"manifests/restart.yaml, run_summary_home_156_aek156_payu_01deg_jra55v140_iaf_cycle4.csv","['2021-12-02 14:01:21: Run 771', 'update run summary']","[0, 3, 0]",x,x,4996080,True
,772,1964-01-01T00:00:00,1964-04-01T00:00:00,"[0, 3, 0, 0]",91.0,/home/156/aek156/payu/01deg_jra55v140_iaf_cycle4,/g/data/ik11/outputs/access-om2-01/01deg_jra55v140_iaf_cycle4/output772,121.907,,,Andrew Kiss,2021-12-02T18:54:54,32120469,0,[],normal,47874.35,1.971111111111111,192155.0146978022,7.911520146520146,0.5908333333333333,448481.38783476094,2.3339561995822873,13506.55999999959,12144,10461,1682,0.042,298.032652,3176.58,316.44,"[150, 100]",sectrobin,18,15,540,80,2,31b459451092e8d9d58b5dacabe143ec00cf1a79,2021-12-02 17:32:31 +1100,"manifests/restart.yaml, run_summary_home_156_aek156_payu_01deg_jra55v140_iaf_cycle4.csv","['2021-12-02 16:57:31: Run 772', 'update run summary']","[0, 3, 0]",x,x,5002560,True
,773,1964-04-01T00:00:00,1964-07-01T00:00:00,"[0, 3, 0, 0]",91.0,/home/156/aek156/payu/01deg_jra55v140_iaf_cycle4,/g/data/ik11/outputs/access-om2-01/01deg_jra55v140_iaf_cycle4/output773,121.298,,,Andrew Kiss,2021-12-02T21:24:24,32125538,0,[],normal,49210.19,2.026111111111111,197516.72414835164,8.132275641025641,0.4655555555555555,473997.81672240805,2.3997857334166595,13690.879999999888,12144,10461,1682,0.051,362.803371,3267.34,386.39,"[150, 100]",sectrobin,18,15,540,80,2,a6cc5cfd39334844977b375169c70d4d790f28e2,2021-12-02 19:44:20 +1100,"manifests/restart.yaml, run_summary_home_156_aek156_payu_01deg_jra55v140_iaf_cycle4.csv","['2021-12-02 19:23:40: Run 773', 'update run summary']","[0, 3, 0]",x,x,5009040,True
,774,1964-07-01T00:00:00,1964-10-01T00:00:00,"[0, 3, 0, 0]",92.0,/home/156/aek156/payu/01deg_jra55v140_iaf_cycle4,/g/data/ik11/outputs/access-om2-01/01deg_jra55v140_iaf_cycle4/output774,122.111,,,Andrew Kiss,2021-12-02T23:44:30,32137146,0,[],normal,50269.41,2.069722222222222,199575.0217663044,8.217022192028985,0.26527777777777795,516687.7259100643,2.5889398449626038,13527.040000000037,12144,10461,1682,0.041,303.104493,3351.21,324.67,"[150, 100]",sectrobin,18,15,540,80,2,4b5278e0dd8dea6cd753cd3279afe0c8e1e53819,2021-12-02 22:13:26 +1100,"manifests/restart.yaml, run_summary_home_156_aek156_payu_01deg_jra55v140_iaf_cycle4.csv","['2021-12-02 21:41:11: Run 774', 'update run summary']","[0, 3, 0]",x,x,5015520,True
,775,1964-10-01T00:00:00,1965-01-01T00:00:00,"[0, 3, 0, 0]",92.0,/home/156/aek156/payu/01deg_jra55v140_iaf_cycle4,/g/data/ik11/outputs/access-om2-01/01deg_jra55v140_iaf_cycle4/output775,122.599,/scratch/v45/aek156/access-om2/archive/01deg_jra55v140_iaf_cycle4/restart775,70.862,Andrew Kiss,2021-12-03T01:51:19,32144700,0,[],normal,49001.04,2.0175,194539.45500000002,8.009694293478262,0.09611111111111104,556405.5534235773,2.8601167481608156,13475.839999999851,12144,10461,1682,0.048,348.925117,3087.91,370.58,"[150, 100]",sectrobin,18,15,540,80,2,77345c4425faf94bbfbdd0cac98bbace0149b259,2021-12-03 00:33:02 +1100,"manifests/restart.yaml, run_summary_home_156_aek156_payu_01deg_jra55v140_iaf_cycle4.csv","['2021-12-02 23:51:04: Run 775', 'update run summary']","[0, 3, 0]",x,x,5022000,True
,776,1965-01-01T00:00:00,1965-04-01T00:00:00,"[0, 3, 0, 0]",90.0,/home/156/aek156/payu/01deg_jra55v140_iaf_cycle4,/g/data/ik11/outputs/access-om2-01/01deg_jra55v140_iaf_cycle4/output776,121.569,,,Andrew Kiss,2021-12-03T04:20:25,32151483,0,[],normal,58520.59,2.4094444444444445,237496.06108333333,9.778328703703705,0.07555555555555538,565188.7967806841,2.3797817707063738,13404.160000000149,12144,10461,1682,0.223,1920.04366,3216.73,2080.13,"[150, 100]",sectrobin,18,15,540,80,2,71ba4731a578cc328589b3803e1e72ff0972d4ed,2021-12-03 02:43:23 +1100,"manifests/restart.yaml, run_summary_home_156_aek156_payu_01deg_jra55v140_iaf_cycle4.csv","['2021-12-03 01:56:46: Run 776', 'update run summary']","[0, 3, 0]",x,x,5028480,True
,777,1965-04-01T00:00:00,1965-07-01T00:00:00,"[0, 3, 0, 0]",91.0,/home/156/aek156/payu/01deg_jra55v140_iaf_cycle4,/g/data/ik11/outputs/access-om2-01/01deg_jra55v140_iaf_cycle4/output777,121.351,,,Andrew Kiss,2021-12-03T06:26:49,32159326,0,[],normal,50147.97,2.064722222222222,201280.72574175824,8.287250457875457,0.04194444444444434,571305.9873417722,2.838354170457204,13619.200000000186,12144,10461,1682,0.074,551.895138,3216.8,314.81,"[150, 100]",sectrobin,18,15,540,80,2,6193828a1fd58b2c291c6218c5748d691ba3a65f,2021-12-03 05:06:07 +1100,"manifests/restart.yaml, run_summary_home_156_aek156_payu_01deg_jra55v140_iaf_cycle4.csv","['2021-12-03 04:23:46: Run 777', 'update run summary']","[0, 3, 0]",x,x,5034960,True
,778,1965-07-01T00:00:00,1965-10-01T00:00:00,"[0, 3, 0, 0]",92.0,/home/156/aek156/payu/01deg_jra55v140_iaf_cycle4,/g/data/ik11/outputs/access-om2-01/01deg_jra55v140_iaf_cycle4/output778,122.141,,,Andrew Kiss,2021-12-03T08:31:30,32164897,0,[],normal,49810.64,2.0508333333333333,197753.65500000003,8.14203125,0.02722222222222248,575275.9385108942,2.909053380130416,13424.639999999665,12144,10461,1682,0.043,315.65081,3281.34,331.74,"[150, 100]",sectrobin,18,15,540,80,2,4ed3c20f164d0ef06970f400d4856c60e8abb805,2021-12-03 07:12:56 +1100,"manifests/restart.yaml, run_summary_home_156_aek156_payu_01deg_jra55v140_iaf_cycle4.csv","['2021-12-03 06:29:19: Run 778', 'update run summary']","[0, 3, 0]",x,x,5041440,True
,779,1965-10-01T00:00:00,1966-01-01T00:00:00,"[0, 3, 0, 0]",92.0,/home/156/aek156/payu/01deg_jra55v140_iaf_cycle4,/g/data/ik11/outputs/access-om2-01/01deg_jra55v140_iaf_cycle4/output779,122.594,/scratch/v45/aek156/access-om2/archive/01deg_jra55v140_iaf_cycle4/restart779,70.837,Andrew Kiss,2021-12-03T11:01:42,32168887,0,[],normal,60173.52,2.4775,238895.415,9.835944293478262,0.025833333333333375,576896.5965379494,2.4148500151748387,13496.320000000298,12144,10461,1682,0.211,1826.682167,3067.43,829.16,"[150, 100]",sectrobin,18,15,540,80,2,40e87883b03789104ba3506c1f4a99453f7bff53,2021-12-03 09:14:41 +1100,"manifests/restart.yaml, run_summary_home_156_aek156_payu_01deg_jra55v140_iaf_cycle4.csv","['2021-12-03 08:33:49: Run 779', 'update run summary']","[0, 3, 0]",x,x,5047920,True
,780,1966-01-01T00:00:00,1966-04-01T00:00:00,"[0, 3, 0, 0]",90.0,/home/156/aek156/payu/01deg_jra55v140_iaf_cycle4,/g/data/ik11/outputs/access-om2-01/01deg_jra55v140_iaf_cycle4/output780,121.628,,,Andrew Kiss,2021-12-03T14:18:40,32181053,0,[],normal,79010.21,3.2530555555555556,320649.7689166667,13.201983796296297,0.029722222222221983,577634.2988661365,1.8014492909747184,13404.160000000149,12144,10461,1682,0.126,954.316796,3126.45,952.32,"[150, 100]",sectrobin,18,15,540,80,2,7ef937fd686d9beaeccf7316d803980f05c4e554,2021-12-03 12:12:15 +1100,"manifests/restart.yaml, run_summary_home_156_aek156_payu_01deg_jra55v140_iaf_cycle4.csv","['update run summary', '2021-12-03 12:12:15: Run 780']","[0, 3, 0]",x,x,5054400,True
,781,1966-04-01T00:00:00,1966-07-01T00:00:00,"[0, 3, 0, 0]",91.0,/home/156/aek156/payu/01deg_jra55v140_iaf_cycle4,/g/data/ik11/outputs/access-om2-01/01deg_jra55v140_iaf_cycle4/output781,121.415,,,Andrew Kiss,2021-12-03T16:27:16,32201304,0,[],normal,50998.05,2.0997222222222223,204692.72266483516,8.427731227106227,0.04361111111111127,571051.2597200621,2.7897975672300976,13598.71999999974,12144,10461,1682,0.103,769.126758,3184.73,774.13,"[150, 100]",sectrobin,18,15,540,80,2,54064f8198bfa89999325a1b73e5717899b053c9,2021-12-03 15:11:26 +1100,"manifests/restart.yaml, run_summary_home_156_aek156_payu_01deg_jra55v140_iaf_cycle4.csv","['2021-12-03 14:22:08: Run 781', 'update run summary']","[0, 3, 0]",x,x,5060880,True
,782,1966-07-01T00:00:00,1966-10-01T00:00:00,"[0, 3, 0, 0]",92.0,/home/156/aek156/payu/01deg_jra55v140_iaf_cycle4,/g/data/ik11/outputs/access-om2-01/01deg_jra55v140_iaf_cycle4/output782,122.255,,,Andrew Kiss,2021-12-03T20:41:36,32208412,0,[],normal,52664.48,2.1683333333333334,209083.71000000002,8.608519021739133,2.0705555555555555,298178.96933158586,1.4261224336012872,13475.839999999851,12144,10461,1682,0.104,800.410494,3231.54,823.16,"[150, 100]",sectrobin,18,15,540,80,2,36ec27c807966e6ef766563532b9a7af9067c011,2021-12-03 18:32:37 +1100,"manifests/restart.yaml, run_summary_home_156_aek156_payu_01deg_jra55v140_iaf_cycle4.csv","['update run summary', '2021-12-03 18:32:37: Run 782']","[0, 3, 0]",x,x,5067360,True
,783,1966-10-01T00:00:00,1967-01-01T00:00:00,"[0, 3, 0, 0]",92.0,/home/156/aek156/payu/01deg_jra55v140_iaf_cycle4,/g/data/ik11/outputs/access-om2-01/01deg_jra55v140_iaf_cycle4/output783,122.661,/scratch/v45/aek156/access-om2/archive/01deg_jra55v140_iaf_cycle4/restart783,70.826,Andrew Kiss,2021-12-03T22:51:21,32218832,0,[],normal,51922.35,2.137777777777778,206137.37323369566,8.487210144927538,0.02472222222222209,576248.0462427745,2.7954564337515277,13455.360000000335,12144,10461,1682,0.094,705.123733,3098.38,726.93,"[150, 100]",sectrobin,18,15,540,80,2,45643d5cbe8ba177e43fccc57beaa38b5f539638,2021-12-03 21:32:19 +1100,"manifests/restart.yaml, run_summary_home_156_aek156_payu_01deg_jra55v140_iaf_cycle4.csv","['2021-12-03 20:43:46: Run 783', 'update run summary']","[0, 3, 0]",x,x,5073840,True
,784,1967-01-01T00:00:00,1967-04-01T00:00:00,"[0, 3, 0, 0]",90.0,/home/156/aek156/payu/01deg_jra55v140_iaf_cycle4,/g/data/ik11/outputs/access-om2-01/01deg_jra55v140_iaf_cycle4/output784,121.675,,,Andrew Kiss,2021-12-04T01:21:23,32225640,0,[],normal,47550.51,1.9577777777777778,192975.81975000002,7.945314814814815,0.5427777777777778,456383.47744945565,2.3649775295200195,13496.320000000298,12144,10461,1682,0.044,305.45266,3157.18,324.66,"[150, 100]",sectrobin,18,15,540,80,2,610d9b09b25e17359f537c424cc793a8eece4138,2021-12-03 23:59:48 +1100,"manifests/restart.yaml, run_summary_home_156_aek156_payu_01deg_jra55v140_iaf_cycle4.csv","['2021-12-03 23:24:55: Run 784', 'update run summary']","[0, 3, 0]",x,x,5080320,True
,785,1967-04-01T00:00:00,1967-07-01T00:00:00,"[0, 3, 0, 0]",91.0,/home/156/aek156/payu/01deg_jra55v140_iaf_cycle4,/g/data/ik11/outputs/access-om2-01/01deg_jra55v140_iaf_cycle4/output785,121.428,,,Andrew Kiss,2021-12-04T03:40:17,32233943,0,[],normal,54081.28,2.2266666666666666,217067.9947252747,8.937252747252746,0.08833333333333337,560669.8574514039,2.5829227296313215,13547.519999999553,12144,10461,1682,0.152,1212.401656,3168.18,1117.11,"[150, 100]",sectrobin,18,15,540,80,2,52c3bb8d19ab580d09fc076e89e39c9142c356d9,2021-12-04 02:09:02 +1100,"manifests/restart.yaml, run_summary_home_156_aek156_payu_01deg_jra55v140_iaf_cycle4.csv","['2021-12-04 01:27:32: Run 785', 'update run summary']","[0, 3, 0]",x,x,5086800,True
,786,1967-07-01T00:00:00,1967-10-01T00:00:00,"[0, 3, 0, 0]",92.0,/home/156/aek156/payu/01deg_jra55v140_iaf_cycle4,/g/data/ik11/outputs/access-om2-01/01deg_jra55v140_iaf_cycle4/output786,122.157,,,Andrew Kiss,2021-12-04T05:51:43,32238912,0,[],normal,49264.16,2.0283333333333333,195584.07000000004,8.052703804347827,0.16222222222222227,539744.2840476795,2.7596536059796657,13434.879999999888,12144,10461,1682,0.044,315.205886,3210.92,337.21,"[150, 100]",sectrobin,18,15,540,80,2,c7ff6882bf0f2d334c6651d614a52e22c2741fc9,2021-12-04 04:23:56 +1100,"manifests/restart.yaml, run_summary_home_156_aek156_payu_01deg_jra55v140_iaf_cycle4.csv","['2021-12-04 03:50:54: Run 786', 'update run summary']","[0, 3, 0]",x,x,5093280,True
,787,1967-10-01T00:00:00,1968-01-01T00:00:00,"[0, 3, 0, 0]",92.0,/home/156/aek156/payu/01deg_jra55v140_iaf_cycle4,/g/data/ik11/outputs/access-om2-01/01deg_jra55v140_iaf_cycle4/output787,122.683,/scratch/v45/aek156/access-om2/archive/01deg_jra55v140_iaf_cycle4/restart787,70.844,Andrew Kiss,2021-12-04T08:03:37,32242504,0,[],normal,52185.47,2.1486111111111112,207181.98823369568,8.530219655797103,0.049722222222222,569727.6482183472,2.749889858068694,13434.879999999888,12144,10461,1682,0.104,796.91283,3137.36,694.22,"[150, 100]",sectrobin,18,15,540,80,2,16d60181caed8ebfd140405e30cb7032c826afe4,2021-12-04 06:35:32 +1100,"manifests/restart.yaml, run_summary_home_156_aek156_payu_01deg_jra55v140_iaf_cycle4.csv","['2021-12-04 05:55:31: Run 787', 'update run summary']","[0, 3, 0]",x,x,5099760,True
,788,1968-01-01T00:00:00,1968-04-01T00:00:00,"[0, 3, 0, 0]",91.0,/home/156/aek156/payu/01deg_jra55v140_iaf_cycle4,/g/data/ik11/outputs/access-om2-01/01deg_jra55v140_iaf_cycle4/output788,122.041,,,Andrew Kiss,2021-12-04T10:02:07,32246351,0,[],normal,47921.57,1.9730555555555556,192344.54332417581,7.919324633699634,0.0019444444444445264,582338.0658227848,3.027577781821017,13557.759999999776,12144,10461,1682,0.05,353.1883,3155.42,375.42,"[150, 100]",sectrobin,18,15,540,80,2,17fc4286db84c3f2b120c13dae257b655793df5f,2021-12-04 08:46:09 +1100,"manifests/restart.yaml, run_summary_home_156_aek156_payu_01deg_jra55v140_iaf_cycle4.csv","['2021-12-04 08:04:36: Run 788', 'update run summary']","[0, 3, 0]",x,x,5106240,True
,789,1968-04-01T00:00:00,1968-07-01T00:00:00,"[0, 3, 0, 0]",91.0,/home/156/aek156/payu/01deg_jra55v140_iaf_cycle4,/g/data/ik11/outputs/access-om2-01/01deg_jra55v140_iaf_cycle4/output789,121.582,,,Andrew Kiss,2021-12-04T12:01:22,32249955,0,[],normal,48204.93,1.9847222222222223,193481.8756318681,7.966151556776556,0.002777777777777768,582097.2679245282,3.0085364121240294,13670.400000000373,12144,10461,1682,0.046,325.767381,3231.59,349.76,"[150, 100]",sectrobin,18,15,540,80,2,5fb0a15fa378cdbf38eb7cbd2db86a327c427aa2,2021-12-04 10:52:24 +1100,"manifests/restart.yaml, run_summary_home_156_aek156_payu_01deg_jra55v140_iaf_cycle4.csv","['2021-12-04 10:03:07: Run 789', 'update run summary']","[0, 3, 0]",x,x,5112720,True
,790,1968-07-01T00:00:00,1968-10-01T00:00:00,"[0, 3, 0, 0]",92.0,/home/156/aek156/payu/01deg_jra55v140_iaf_cycle4,/g/data/ik11/outputs/access-om2-01/01deg_jra55v140_iaf_cycle4/output790,122.222,,,Andrew Kiss,2021-12-04T14:09:25,32254805,0,[],normal,51780.67,2.1319444444444446,205574.88823369567,8.464051177536234,0.0022222222222221255,582305.074580242,2.8325690923800133,13496.320000000298,12144,10461,1682,0.089,672.490551,3238.93,696.19,"[150, 100]",sectrobin,18,15,540,80,2,2ec45f9d57b21b42cfb4bbae45bcf704cb1f4ae8,2021-12-04 12:44:35 +1100,"manifests/restart.yaml, run_summary_home_156_aek156_payu_01deg_jra55v140_iaf_cycle4.csv","['2021-12-04 12:02:48: Run 790', 'update run summary']","[0, 3, 0]",x,x,5119200,True
,791,1968-10-01T00:00:00,1969-01-01T00:00:00,"[0, 3, 0, 0]",92.0,/home/156/aek156/payu/01deg_jra55v140_iaf_cycle4,/g/data/ik11/outputs/access-om2-01/01deg_jra55v140_iaf_cycle4/output791,122.678,/scratch/v45/aek156/access-om2/archive/01deg_jra55v140_iaf_cycle4/restart791,70.853,Andrew Kiss,2021-12-04T16:27:21,32259662,0,[],normal,54540.05,2.2455555555555557,216529.9267663044,8.91509963768116,0.05333333333333323,569388.6321894636,2.6296070972396866,13424.639999999665,12144,10461,1682,0.041,311.193345,3473.07,334.94,"[150, 100]",sectrobin,18,15,540,80,2,dd8949ecbfc1b4f72ce92b562f2764d55cdf0478,2021-12-04 15:01:12 +1100,"manifests/restart.yaml, run_summary_home_156_aek156_payu_01deg_jra55v140_iaf_cycle4.csv","['2021-12-04 14:21:32: Run 791', 'update run summary']","[0, 3, 0]",x,x,5125680,True
,792,1969-01-01T00:00:00,1969-04-01T00:00:00,"[0, 3, 0, 0]",90.0,/home/156/aek156/payu/01deg_jra55v140_iaf_cycle4,/g/data/ik11/outputs/access-om2-01/01deg_jra55v140_iaf_cycle4/output792,121.698,/scratch/v45/aek156/access-om2/archive/01deg_jra55v140_iaf_cycle4/restart792,70.741,Andrew Kiss,2021-12-04T18:28:21,32262478,0,[],normal,48926.83,2.0144444444444445,198561.38508333336,8.175287037037037,0.0022222222222221255,582269.7123966943,2.9324418348125647,13465.599999999627,12144,10461,1682,0.041,291.969838,3379.69,312.29,"[150, 100]",sectrobin,18,15,540,80,2,b7fc93d34349f7732628778263a9d6db68a666f2,2021-12-04 17:13:00 +1100,"manifests/restart.yaml, run_summary_home_156_aek156_payu_01deg_jra55v140_iaf_cycle4.csv","['2021-12-04 16:28:19: Run 792', 'update run summary']","[0, 3, 0]",x,x,5132160,True
,793,1969-04-01T00:00:00,1969-07-01T00:00:00,"[0, 3, 0, 0]",91.0,/home/156/aek156/payu/01deg_jra55v140_iaf_cycle4,/g/data/ik11/outputs/access-om2-01/01deg_jra55v140_iaf_cycle4/output793,121.383,/scratch/v45/aek156/access-om2/archive/01deg_jra55v140_iaf_cycle4/restart793,70.736,Andrew Kiss,2021-12-05T15:52:17,32277241,0,[],normal,51038.53,2.1013888888888888,204855.1987087912,8.434420787545786,19.2975,57242.44498675944,0.2794288128764141,13690.879999999888,12144,10461,1682,0.081,597.091623,3255.98,611.43,"[150, 100]",sectrobin,18,15,540,80,2,4c7912e5033410c8cf5a90c508688d9d27b511d0,2021-12-05 13:47:02 +1100,"manifests/restart.yaml, run_summary_home_156_aek156_payu_01deg_jra55v140_iaf_cycle4.csv","['update run summary', '2021-12-05 13:47:01: Run 793']","[0, 3, 0]",x,x,5138640,True
,794,1969-07-01T00:00:00,1969-10-01T00:00:00,"[0, 3, 0, 0]",92.0,/home/156/aek156/payu/01deg_jra55v140_iaf_cycle4,/g/data/ik11/outputs/access-om2-01/01deg_jra55v140_iaf_cycle4/output794,122.424,/scratch/v45/aek156/access-om2/archive/01deg_jra55v140_iaf_cycle4/restart794,70.747,Andrew Kiss,2021-12-05T18:02:30,32288198,0,[],normal,52131.49,2.1463888888888887,206967.68176630436,8.521397192028985,0.02388888888888907,576495.678484577,2.7854381590625423,13455.360000000335,12144,10461,1682,0.107,820.599419,3165.25,733.98,"[150, 100]",sectrobin,18,15,540,80,2,7b8f6b39671d7a5afba84b0a981f5ab1a0cd5386,2021-12-05 17:08:49 +1100,"manifests/restart.yaml, run_summary_home_156_aek156_payu_01deg_jra55v140_iaf_cycle4.csv","['2021-12-05 15:54:33: Run 794', 'update run summary']","[0, 3, 0]",x,x,5145120,True
,795,1969-10-01T00:00:00,1970-01-01T00:00:00,"[0, 3, 0, 0]",92.0,/home/156/aek156/payu/01deg_jra55v140_iaf_cycle4,/g/data/ik11/outputs/access-om2-01/01deg_jra55v140_iaf_cycle4/output795,122.654,/scratch/v45/aek156/access-om2/archive/01deg_jra55v140_iaf_cycle4/restart795,70.823,hakase hayashida,2021-12-06T11:51:49,32307720,0,[],normal,48798.64,2.0091666666666668,193735.90500000003,7.9766100543478275,15.812777777777777,65714.90353652644,0.3391983718068493,13537.28000000026,12144,10461,1682,0.044,316.863227,3097.28,336.33,"[150, 100]",sectrobin,18,15,540,80,2,241a37cfa6d63b5c0202b18fcb5e578ece2cbb34,2021-12-06 11:33:31 +1100,"ocean/make_diag_table.py, run_summary_home_156_aek156_payu_01deg_jra55v140_iaf_cycle4.csv, set_nextdate.sh","['update run summary', 'update set_nextdate.sh https://github.com/COSIMA/access-om2/issues/241', ""enable ./make_diag_table.py https://github.com/COSIMA/make_diag_table/issues/4.\nNote that set_nextdate.sh will generate diag_table based on diag_table_source.yaml at ever single start of the run. so make sure diag_table_source.yaml is up to date (and don't just replace diag_table).""]","[0, 3, 0]",x,x,5151600,True
,796,1970-01-01T00:00:00,1970-04-01T00:00:00,"[0, 3, 0, 0]",90.0,/home/156/aek156/payu/01deg_jra55v140_iaf_cycle4,/g/data/ik11/outputs/access-om2-01/01deg_jra55v140_iaf_cycle4/output796,121.694,/scratch/v45/aek156/access-om2/archive/01deg_jra55v140_iaf_cycle4/restart796,70.733,Andrew Kiss,2021-12-06T13:49:34,32331605,0,[],normal,47543.76,1.9575,192948.426,7.944187500000001,0.004999999999999893,581426.8738853503,3.013379719849854,13557.759999999776,12144,10461,1682,0.045,313.744486,3160.08,331.65,"[150, 100]",sectrobin,18,15,540,80,2,0a9a66a7d2174887b01cec68e28a20a0d87bfdb0,2021-12-06 12:36:49 +1100,"manifests/restart.yaml, run_summary_home_156_aek156_payu_01deg_jra55v140_iaf_cycle4.csv","[""Merge branch '01deg_jra55v140_iaf_cycle4' of https://github.com/COSIMA/01deg_jra55_iaf into 01deg_jra55v140_iaf_cycle4"", 'update run summary']","[0, 3, 0]",x,x,5158080,True
,797,1970-04-01T00:00:00,1970-07-01T00:00:00,"[0, 3, 0, 0]",91.0,/home/156/aek156/payu/01deg_jra55v140_iaf_cycle4,/g/data/ik11/outputs/access-om2-01/01deg_jra55v140_iaf_cycle4/output797,121.369,/scratch/v45/aek156/access-om2/archive/01deg_jra55v140_iaf_cycle4/restart797,70.72,Andrew Kiss,2021-12-06T15:47:21,32343401,0,[],normal,47523.52,1.9566666666666668,190746.87560439558,7.853543956043956,0.006388888888888777,581014.8759020801,3.0459994380568043,13598.71999999974,12144,10461,1682,0.041,289.65872,3205.59,310.96,"[150, 100]",sectrobin,18,15,540,80,2,4938f270ab913851ee6bec4eb1c2645bd764d625,2021-12-06 14:33:23 +1100,"manifests/restart.yaml, run_summary_home_156_aek156_payu_01deg_jra55v140_iaf_cycle4.csv","['2021-12-06 13:50:47: Run 797', 'update run summary']","[0, 3, 0]",x,x,5164560,True
,798,1970-07-01T00:00:00,1970-10-01T00:00:00,"[0, 3, 0, 0]",92.0,/home/156/aek156/payu/01deg_jra55v140_iaf_cycle4,/g/data/ik11/outputs/access-om2-01/01deg_jra55v140_iaf_cycle4/output798,122.121,/scratch/v45/aek156/access-om2/archive/01deg_jra55v140_iaf_cycle4/restart798,70.747,Andrew Kiss,2021-12-06T17:51:07,32351159,0,[],normal,50019.79,2.0594444444444444,198584.00323369566,8.17621829710145,0.0033333333333334103,581970.085645031,2.9305990219170006,13547.519999999553,12144,10461,1682,0.041,304.700864,3324.97,319.71,"[150, 100]",sectrobin,18,15,540,80,2,ae53d98450913ad7d35be16039186ded3df5888c,2021-12-06 16:51:22 +1100,"manifests/restart.yaml, nmltab.py, run_summary_home_156_aek156_payu_01deg_jra55v140_iaf_cycle4.csv, tidy_restarts.py","['2021-12-06 15:48:18: Run 798', 'update run summary', ""Merge branch '01deg_jra55v140_iaf_cycle4' of https://github.com/COSIMA/01deg_jra55_iaf into 01deg_jra55v140_iaf_cycle4""]","[0, 3, 0]",x,x,5171040,True
,,,,,,,,,,,,,,,,,,,,,,,,,,,,,,,,,,,,,,,,,,,,,,,
,Run,Run start,Run end,"Run length (y, m, d, s)",Run length (days),Control directory,Output directory,Output GiB,Restart directory,Restart GiB,Run by,Run completion date,Job Id,Failed jobs,Failed jobids,Queue,Service Units,Walltime Used (hr),SU per model year,Walltime (hr) per model year,Wait (hr) between runs,SU per calendar day,Model years per calendar day,Memory Used (Gb),NCPUs Used,MOM NCPUs,CICE NCPUs,Fraction of MOM runtime in oasis_recv,Max MOM wait for oasis_recv (s),Max CICE wait for coupler (s),Max CICE I/O time (s),MOM tile layout,CICE tile distribution,CICE block_size_x,CICE block_size_y,Timestep (s),MOM barotropic split,CICE dynamic split (ndtd),Git hash of run,Commit date,Git-tracked file changes,Git log messages,accessom2.nml -> date_manager_nml -> restart_period,ice/cice_in.nml -> icefields_nml -> f_sinz,ice/cice_in.nml -> icefields_nml -> f_tinz,ice/cice_in.nml -> setup_nml -> istep0,ice/cice_in.nml -> setup_nml -> use_restart_time
Total,50509,,,,4625.0,,,6281.138000000002,,1274.53,,,2119203986,19,,,2661209.1700000004,109.56888888888889,14056384.580482386,578.7378320676469,59.38333333333333,33123868.932048727,156.3911097235255,867389.4399999939,801504,690426,111012,5.078000000000001,33414.506319,160173.61,30538.38,,,1188,990,35640,5280,132,,,,,,,,327298320,65
Mean,765.2878787878788,,,0.5757575757575758,70.07575757575758,,,95.16875757575757,,70.80722222222224,,,32109151.303030305,0.2878787878787879,"[475088.48484848 475416.07575758 475554.56060606 479872.98484848
 480073.46969697 480136.92424242 480143.92424242 480169.09090909
 481827.53030303 481860.22727273 482058.         482333.1969697
 483263.54545455 484868.03030303 485208.6969697  485645.68181818
 485808.90909091 486198.98484848 486346.84848485]",,40321.351060606066,1.66013468013468,212975.52394670286,8.768755031327984,0.9135897435897434,509597.98356998054,2.4060170726696226,13142.26424242415,12144.0,10461.0,1682.0,0.07693939393939396,506.28039877272727,2426.8728787878786,462.70272727272726,125.0,,18.0,15.0,540.0,80.0,2.0,,,,,0.7676767676767676,,,4959065.454545454,0.9848484848484849
Median,765.5,,,0.0,91.0,,,121.5085,,70.8315,,,32082973.5,0.0,[],,48275.770000000004,1.987638888888889,212558.82810483867,8.75159946236559,0.033333333333333326,568948.7879871291,2.574810234639965,13434.879999999888,12144.0,10461.0,1682.0,0.052,305.07676200000003,3136.675,321.66999999999996,125.0,,18.0,15.0,540.0,80.0,2.0,,,,,0.0,,,4960440.0,1.0
Min,732,1958-01-01T00:00:00,1958-02-01T00:00:00,"[0, 1, 0, 0]",28.0,/home/156/aek156/payu/01deg_jra55v140_iaf_cycle4,/g/data/ik11/outputs/access-om2-01/01deg_jra55v140_iaf_cycle4/output732,41.433,/scratch/v45/aek156/access-om2/archive/01deg_jra55v140_iaf_cycle4/restart743,70.72,Andrew Kiss,2021-11-29T17:41:15,31951127,0,[],normal,16961.12,0.6983333333333334,189772.01934065932,7.813406593406594,0.0019444444444445264,57242.44498675944,0.2794288128764141,12390.400000000373,12144,10461,1682,0.039,100.896579,916.46,114.42,"[150, 100]",sectrobin,18,15,540,80,2,07e53e1c04324af0f7226a338a2802273405d743,2021-11-29 17:22:09 +1100,,"['2021-11-29 19:51:23: Run 734', 'update run summary']","[0, 1, 0]",md,md,4743360,False
Max,798,1970-07-01T00:00:00,1970-10-01T00:00:00,"[0, 3, 0, 0]",92.0,/home/156/aek156/payu/01deg_jra55v140_iaf_cycle4,/g/data/ik11/outputs/access-om2-01/01deg_jra55v140_iaf_cycle4/output798,122.69,/scratch/v45/aek156/access-om2/archive/01deg_jra55v140_iaf_cycle4/restart798,70.862,hakase hayashida,2021-12-06T17:51:07,32351159,13,[32098892],normal,79010.21,3.2530555555555556,320649.7689166667,13.201983796296297,19.2975,582338.0658227848,3.0646466441838602,13690.879999999888,12144,10461,1682,0.232,2077.883317,3473.07,2093.2,"[150, 100]",sectrobin,18,15,540,80,2,ff5f9365a691b6df06b4f31304ac944bb46b71c9,2021-12-06 16:51:22 +1100,"ocean/make_diag_table.py, run_summary_home_156_aek156_payu_01deg_jra55v140_iaf_cycle4.csv, set_nextdate.sh","['update run summary', 'update set_nextdate.sh https://github.com/COSIMA/access-om2/issues/241', ""enable ./make_diag_table.py https://github.com/COSIMA/make_diag_table/issues/4.\nNote that set_nextdate.sh will generate diag_table based on diag_table_source.yaml at ever single start of the run. so make sure diag_table_source.yaml is up to date (and don't just replace diag_table).""]","[0, 3, 0]",x,x,5171040,True
Std dev,19.3420292498088,,,1.1052300742325385,29.034624369963304,,,35.365906333497456,,0.05083913142403703,,,110811.78135154273,1.6026980236478092,,,16618.580634383412,0.6842301252478782,20063.515884356006,0.8260669766809734,3.149447431262819,133048.84930410865,0.6559893114800784,504.43181674001784,0.0,0.0,0.0,0.05227719787645957,513.0314676921365,1053.0527690521399,431.29261726548657,25.0,,0.0,0.0,0.0,0.0,0.0,,,,,1.2171193249128947,,,125336.34953876102,0.12215542042876588
SU correlation,0.7738772730704736,,,,0.9607964151823757,,,0.9581478168775344,,,,,0.685754169241514,-0.13472446609253372,,,1.0,0.9999999999999876,-0.06619931429006365,-0.06619906808208519,,,,0.9393591876134794,nan,nan,nan,0.4651368116700961,0.654216520585963,0.9568665929262734,0.6651074369541665,,,nan,nan,nan,nan,nan,,,,,,,,0.7738772730704733,0.15813764959228307
SU slope,664.9117162184795,,,,549.9321257089515,,,450.2374859076047,,,,,0.10284340543855042,-1396.9752068996302,,,1.0000000000000002,24287.999053480336,-0.054832794451949246,-1331.7740351555656,,,,30.94732704390305,1.660134678055256,1.927222591559414,11.986132895542823,147863.96220062673,21.191974926239443,15.10063417354316,25.627940588528585,,,1120.0375294612793,1344.0450353535352,37.33458431537598,252.00844412878786,10080.337765151515,,,,,,,,0.10260983274976546,21513.76723076921
Dimensionless SU slope,12.619836972258431,,,,0.955744520226458,,,1.0626762501944633,,,,,81.89741610547289,-0.009973860465501467,,,1.0000000000000002,0.9999999622818919,-0.2896243012867491,-0.2896232384130535,,,,10.086912737531161,0.4999999999999999,0.4999999999999999,0.4999999999999999,0.2821473819191682,0.26608933565523424,0.9088812394501758,0.2940902944167705,,,0.49999999999999983,0.4999999999999999,0.4999999999999999,0.4999999999999999,0.4999999999999999,,,,,,,,12.619836972258444,0.5254734899323973
