,Run,Run start,Run end,"Run length (y, m, d, s)",Run length (days),Control directory,Output directory,Output GiB,Restart directory,Restart GiB,Run by,Run completion date,Job Id,Failed jobs,Failed jobids,Queue,Service Units,Walltime Used (hr),SU per model year,Walltime (hr) per model year,Wait (hr) between runs,SU per calendar day,Model years per calendar day,Memory Used (Gb),NCPUs Used,MOM NCPUs,CICE NCPUs,Fraction of MOM runtime in oasis_recv,Max MOM wait for oasis_recv (s),Max CICE wait for coupler (s),Max CICE I/O time (s),MOM tile layout,CICE tile distribution,CICE block_size_x,CICE block_size_y,Timestep (s),MOM barotropic split,CICE dynamic split (ndtd),Git hash of run,Commit date,Git-tracked file changes,Git log messages,accessom2.nml -> date_manager_nml -> restart_period,ice/cice_in.nml -> icefields_nml -> f_meltl,ice/cice_in.nml -> icefields_nml -> f_sinz,ice/cice_in.nml -> icefields_nml -> f_tinz,ice/cice_in.nml -> setup_nml -> istep0,ice/cice_in.nml -> setup_nml -> use_restart_time
,732,1958-01-01T00:00:00,1958-02-01T00:00:00,"[0, 1, 0, 0]",31.0,/scratch/v45/hh0162/access-om2/control/01deg_jra55v140_iaf_cycle4,/g/data/ik11/outputs/access-om2-01/01deg_jra55v140_iaf_cycle4/output732,47.362,,,Andrew Kiss,2021-11-29T17:41:15,31951127,13,"[31355840, 31377461, 31386601, 31671617, 31684849, 31689037, 31689499, 31691160, 31800617, 31802775, 31815828, 31833991, 31895394]",normal,19133.55,0.7877777777777778,225436.42379032256,9.281801075268817,,,,12441.599999999627,12144,10461,1682,0.056,153.043874,968.54,165.41,"[150, 100]",sectrobin,18,15,540,80,2,756eee2f45300df89379d97cfcef04922d920c82,2021-11-29 17:22:09 +1100,,,"[0, 1, 0]",x,md,md,4743360,False
,733,1958-02-01T00:00:00,1958-03-01T00:00:00,"[0, 1, 0, 0]",28.0,/scratch/v45/hh0162/access-om2/control/01deg_jra55v140_iaf_cycle4,/g/data/ik11/outputs/access-om2-01/01deg_jra55v140_iaf_cycle4/output733,45.843,,,Andrew Kiss,2021-11-29T19:44:54,31968155,0,[],normal,17386.16,0.7158333333333333,226796.24785714288,9.33779017857143,1.3450000000000002,202475.2964011322,0.8927629901913975,12492.799999999814,12144,10461,1682,0.053,128.828245,916.46,143.09,"[150, 100]",sectrobin,18,15,540,80,2,71862b84dc71c50744380943cfd7e734df89f933,2021-11-29 19:03:14 +1100,"ice/cice_in.nml, manifests/input.yaml, manifests/restart.yaml, run_summary_home_156_aek156_payu_01deg_jra55v140_iaf_cycle4.csv","['update run summary', 'set use_restart_time  = .true. in ice/cice_in.nml for 2nd run onwards', '2021-11-29 19:03:14: Run 733']","[0, 1, 0]",x,md,md,4749840,True
,734,1958-03-01T00:00:00,1958-04-01T00:00:00,"[0, 1, 0, 0]",31.0,/scratch/v45/hh0162/access-om2/control/01deg_jra55v140_iaf_cycle4,/g/data/ik11/outputs/access-om2-01/01deg_jra55v140_iaf_cycle4/output734,47.344,,,Andrew Kiss,2021-11-29T20:35:35,31975360,0,[],normal,18209.25,0.7497222222222222,214546.0826612903,8.83342069892473,0.09500000000000008,517355.8697796777,2.4113974180383493,12400.639999999665,12144,10461,1682,0.054,142.578292,1030.03,155.77,"[150, 100]",sectrobin,18,15,540,80,2,7701ab5bc473dab77779a6e5771546d93b539f08,2021-11-29 20:19:16 +1100,"manifests/restart.yaml, run_summary_home_156_aek156_payu_01deg_jra55v140_iaf_cycle4.csv","['2021-11-29 19:51:23: Run 734', 'update run summary']","[0, 1, 0]",x,md,md,4756320,True
,735,1958-04-01T00:00:00,1958-05-01T00:00:00,"[0, 1, 0, 0]",30.0,/scratch/v45/hh0162/access-om2/control/01deg_jra55v140_iaf_cycle4,/g/data/ik11/outputs/access-om2-01/01deg_jra55v140_iaf_cycle4/output735,46.812,,,Andrew Kiss,2021-11-29T21:20:39,31980269,0,[],normal,17885.41,0.7363888888888889,217754.86675000002,8.965534722222223,0.014722222222222192,571486.4733727811,2.624448683523079,12482.55999999959,12144,10461,1682,0.052,135.26949,992.87,146.16,"[150, 100]",sectrobin,18,15,540,80,2,7ec39b99c010bd604701cae4f47d451c35e00935,2021-11-29 21:03:33 +1100,"manifests/restart.yaml, run_summary_home_156_aek156_payu_01deg_jra55v140_iaf_cycle4.csv","['2021-11-29 20:37:18: Run 735', 'update run summary']","[0, 1, 0]",x,md,md,4762800,True
,736,1958-05-01T00:00:00,1958-06-01T00:00:00,"[0, 1, 0, 0]",31.0,/scratch/v45/hh0162/access-om2/control/01deg_jra55v140_iaf_cycle4,/g/data/ik11/outputs/access-om2-01/01deg_jra55v140_iaf_cycle4/output736,47.55,,,Andrew Kiss,2021-11-29T22:08:07,31984929,0,[],normal,18404.91,0.7577777777777778,216851.39927419354,8.928333333333333,0.033333333333333326,558351.202247191,2.574810234639965,12441.599999999627,12144,10461,1682,0.054,142.393993,1020.55,154.58,"[150, 100]",sectrobin,18,15,540,80,2,ff5f9365a691b6df06b4f31304ac944bb46b71c9,2021-11-29 21:51:31 +1100,"manifests/restart.yaml, run_summary_home_156_aek156_payu_01deg_jra55v140_iaf_cycle4.csv","['2021-11-29 21:23:40: Run 736', 'update run summary']","[0, 1, 0]",x,md,md,4769280,True
,737,1958-06-01T00:00:00,1958-07-01T00:00:00,"[0, 1, 0, 0]",30.0,/scratch/v45/hh0162/access-om2/control/01deg_jra55v140_iaf_cycle4,/g/data/ik11/outputs/access-om2-01/01deg_jra55v140_iaf_cycle4/output737,47.244,,,Andrew Kiss,2021-11-29T22:55:44,31988175,0,[],normal,18391.41,0.7572222222222222,223915.41675,9.219180555555557,0.036388888888888915,556184.04760238,2.4839024292077028,12574.71999999974,12144,10461,1682,0.056,144.484814,976.2,156.38,"[150, 100]",sectrobin,18,15,540,80,2,b9d8df6404bea7b1a6ff4b3274a460213dee298e,2021-11-29 22:38:06 +1100,"manifests/restart.yaml, run_summary_home_156_aek156_payu_01deg_jra55v140_iaf_cycle4.csv","['2021-11-29 22:10:54: Run 737', 'update run summary']","[0, 1, 0]",x,md,md,4775760,True
,738,1958-07-01T00:00:00,1958-08-01T00:00:00,"[0, 1, 0, 0]",31.0,/scratch/v45/hh0162/access-om2/control/01deg_jra55v140_iaf_cycle4,/g/data/ik11/outputs/access-om2-01/01deg_jra55v140_iaf_cycle4/output738,47.838,,,Andrew Kiss,2021-11-29T23:43:33,31990661,0,[],normal,18951.39,0.7802777777777777,223290.1676612903,9.193434139784946,0.01666666666666672,570721.5392122691,2.5559635929782574,12492.799999999814,12144,10461,1682,0.059,161.671816,1029.19,162.75,"[150, 100]",sectrobin,18,15,540,80,2,f74adfc4d0d78d73917febd6bbf7461f9c539eb7,2021-11-29 22:57:34 +1100,manifests/restart.yaml,['2021-11-29 22:57:34: Run 738'],"[0, 1, 0]",x,md,md,4782240,True
,739,1958-08-01T00:00:00,1958-09-01T00:00:00,"[0, 1, 0, 0]",31.0,/scratch/v45/hh0162/access-om2/control/01deg_jra55v140_iaf_cycle4,/g/data/ik11/outputs/access-om2-01/01deg_jra55v140_iaf_cycle4/output739,47.724,,,Andrew Kiss,2021-11-30T00:32:32,31992727,0,[],normal,18998.61,0.7822222222222223,223846.52588709677,9.216344086021506,0.03416666666666668,558516.4695474651,2.4950866104983396,12523.519999999553,12144,10461,1682,0.054,148.773267,1027.11,160.8,"[150, 100]",sectrobin,18,15,540,80,2,3cc2a212a24f3a09e49fba909d5643789678fa2d,2021-11-30 00:17:13 +1100,"manifests/restart.yaml, run_summary_home_156_aek156_payu_01deg_jra55v140_iaf_cycle4.csv","['2021-11-29 23:46:31: Run 739', 'update run summary']","[0, 1, 0]",x,md,md,4788720,True
,740,1958-09-01T00:00:00,1958-10-01T00:00:00,"[0, 1, 0, 0]",30.0,/scratch/v45/hh0162/access-om2/control/01deg_jra55v140_iaf_cycle4,/g/data/ik11/outputs/access-om2-01/01deg_jra55v140_iaf_cycle4/output740,47.301,,,Andrew Kiss,2021-11-30T01:21:10,31994350,0,[],normal,19072.83,0.7852777777777777,232211.70525000003,9.560756944444444,0.025277777777777843,564733.5544893763,2.4319771214004136,12472.320000000298,12144,10461,1682,0.048,130.948282,1028.97,142.19,"[150, 100]",sectrobin,18,15,540,80,2,1c1ca8c43d38011428b6702b7eeea9c86e435c47,2021-11-30 01:02:23 +1100,"manifests/restart.yaml, run_summary_home_156_aek156_payu_01deg_jra55v140_iaf_cycle4.csv","['2021-11-30 00:35:10: Run 740', 'update run summary']","[0, 1, 0]",x,md,md,4795200,True
,741,1958-10-01T00:00:00,1958-11-01T00:00:00,"[0, 1, 0, 0]",31.0,/scratch/v45/hh0162/access-om2/control/01deg_jra55v140_iaf_cycle4,/g/data/ik11/outputs/access-om2-01/01deg_jra55v140_iaf_cycle4/output741,48.04,,,Andrew Kiss,2021-11-30T02:09:40,31995762,0,[],normal,19072.83,0.7852777777777777,224721.00508064518,9.252345430107527,0.023055555555555607,566286.0865979382,2.519951734795402,12441.599999999627,12144,10461,1682,0.055,148.706195,1026.06,161.36,"[150, 100]",sectrobin,18,15,540,80,2,f2690dc39ebee7b2521be7535f0dfd6a715cde16,2021-11-30 01:56:39 +1100,"manifests/restart.yaml, run_summary_home_156_aek156_payu_01deg_jra55v140_iaf_cycle4.csv","['2021-11-30 01:23:48: Run 741', 'update run summary']","[0, 1, 0]",x,md,md,4801680,True
,742,1958-11-01T00:00:00,1958-12-01T00:00:00,"[0, 1, 0, 0]",30.0,/scratch/v45/hh0162/access-om2/control/01deg_jra55v140_iaf_cycle4,/g/data/ik11/outputs/access-om2-01/01deg_jra55v140_iaf_cycle4/output742,47.727,,,Andrew Kiss,2021-11-30T02:56:29,31997183,0,[],normal,18256.48,0.7516666666666667,222272.644,9.151541666666667,0.02861111111111103,561537.868280527,2.5263471841389844,12462.080000000075,12144,10461,1682,0.051,131.793912,942.33,143.64,"[150, 100]",sectrobin,18,15,540,80,2,3c1ae8981d979a9681176c1078e627aa6745e556,2021-11-30 02:40:05 +1100,"manifests/restart.yaml, run_summary_home_156_aek156_payu_01deg_jra55v140_iaf_cycle4.csv","['2021-11-30 02:12:29: Run 742', 'update run summary']","[0, 1, 0]",x,md,md,4808160,True
,743,1958-12-01T00:00:00,1959-01-01T00:00:00,"[0, 1, 0, 0]",31.0,/scratch/v45/hh0162/access-om2/control/01deg_jra55v140_iaf_cycle4,/g/data/ik11/outputs/access-om2-01/01deg_jra55v140_iaf_cycle4/output743,48.651,/scratch/v45/hh0162/access-om2/archive/01deg_jra55v140_iaf_cycle4/restart743,0.0,Andrew Kiss,2021-11-30T03:42:50,31998270,0,[],normal,18283.47,0.7527777777777778,215420.5618548387,8.869422043010752,0.019722222222222197,568030.1359223302,2.6368426998398493,12441.599999999627,12144,10461,1682,0.054,142.340776,941.07,153.8,"[150, 100]",sectrobin,18,15,540,80,2,b9fc2c82cc58652f42be0a24a3a339603c196cfd,2021-11-30 03:25:15 +1100,"manifests/restart.yaml, run_summary_home_156_aek156_payu_01deg_jra55v140_iaf_cycle4.csv","['2021-11-30 02:58:32: Run 743', 'update run summary']","[0, 1, 0]",x,md,md,4814640,True
,744,1959-01-01T00:00:00,1959-02-01T00:00:00,"[0, 1, 0, 0]",31.0,/scratch/v45/hh0162/access-om2/control/01deg_jra55v140_iaf_cycle4,/g/data/ik11/outputs/access-om2-01/01deg_jra55v140_iaf_cycle4/output744,48.59,,,Andrew Kiss,2021-11-30T04:29:11,31999435,0,[],normal,18418.4,0.7583333333333333,217010.34193548388,8.934879032258063,0.01416666666666666,572222.1359223302,2.6368426998398493,12482.55999999959,12144,10461,1682,0.054,144.396078,976.28,153.23,"[150, 100]",sectrobin,18,15,540,80,2,cba6b0b3f31e73e38631dab1cf0e47191fe7f604,2021-11-30 04:10:29 +1100,"manifests/restart.yaml, run_summary_home_156_aek156_payu_01deg_jra55v140_iaf_cycle4.csv","['2021-11-30 03:44:33: Run 744', 'update run summary']","[0, 1, 0]",x,md,md,4821120,True
,745,1959-02-01T00:00:00,1959-03-01T00:00:00,"[0, 1, 0, 0]",28.0,/scratch/v45/hh0162/access-om2/control/01deg_jra55v140_iaf_cycle4,/g/data/ik11/outputs/access-om2-01/01deg_jra55v140_iaf_cycle4/output745,46.535,,,Andrew Kiss,2021-11-30T05:12:50,32000095,0,[],normal,16961.12,0.6983333333333334,221251.75285714286,9.10950892857143,0.029166666666666674,559542.1030927834,2.528983819866353,12400.639999999665,12144,10461,1682,0.051,125.24039,935.67,138.73,"[150, 100]",sectrobin,18,15,540,80,2,825a2675215d82a94281ca0428bcd5746c9966c7,2021-11-30 04:57:53 +1100,"manifests/restart.yaml, run_summary_home_156_aek156_payu_01deg_jra55v140_iaf_cycle4.csv","['2021-11-30 04:31:43: Run 745', 'update run summary']","[0, 1, 0]",x,md,md,4827600,True
,747,1959-04-01T00:00:00,1959-05-01T00:00:00,"[0, 1, 0, 0]",30.0,/scratch/v45/hh0162/access-om2/control/01deg_jra55v140_iaf_cycle4,/g/data/ik11/outputs/access-om2-01/01deg_jra55v140_iaf_cycle4/output747,47.176,,,Andrew Kiss,2021-11-30T06:47:13,32002536,1,[32001290],normal,18641.04,0.7675,226954.662,9.3443125,0.8055555555555557,284405.0602154335,1.2531360127576208,12451.839999999851,12144,10461,1682,0.05,130.361254,1001.24,142.41,"[150, 100]",sectrobin,18,15,540,80,2,6ad743d875c1c6ab56952da1bb82e654d8338ad7,2021-11-30 06:03:32 +1100,"manifests/restart.yaml, run_summary_home_156_aek156_payu_01deg_jra55v140_iaf_cycle4.csv","['2021-11-30 05:14:22: Run 746', 'update run summary', '2021-11-30 06:03:32: Run 747']","[0, 1, 0]",x,md,md,4840560,True
,748,1959-05-01T00:00:00,1959-06-01T00:00:00,"[0, 1, 0, 0]",31.0,/scratch/v45/hh0162/access-om2/control/01deg_jra55v140_iaf_cycle4,/g/data/ik11/outputs/access-om2-01/01deg_jra55v140_iaf_cycle4/output748,47.819,,,Andrew Kiss,2021-11-30T07:33:50,32003772,0,[],normal,18418.4,0.7583333333333333,217010.34193548388,8.934879032258063,0.018611111111111134,568948.7879871291,2.621758866018813,12441.599999999627,12144,10461,1682,0.061,162.086893,1015.61,154.91,"[150, 100]",sectrobin,18,15,540,80,2,78bce849eebf13ed800f4af849498459820f92dd,2021-11-30 07:13:09 +1100,"manifests/restart.yaml, run_summary_home_156_aek156_payu_01deg_jra55v140_iaf_cycle4.csv","['2021-11-30 06:49:08: Run 748', 'update run summary']","[0, 1, 0]",x,md,md,4847040,True
,749,1959-06-01T00:00:00,1959-07-01T00:00:00,"[0, 1, 0, 0]",30.0,/scratch/v45/hh0162/access-om2/control/01deg_jra55v140_iaf_cycle4,/g/data/ik11/outputs/access-om2-01/01deg_jra55v140_iaf_cycle4/output749,47.385,,,Andrew Kiss,2021-11-30T08:19:08,32004798,0,[],normal,18067.57,0.7438888888888889,219972.66475,9.056847222222224,0.011111111111111072,574333.3509933774,2.6109305519670367,12615.679999999702,12144,10461,1682,0.051,132.034309,984.85,144.79,"[150, 100]",sectrobin,18,15,540,80,2,8de4d64e12b9942c5e368f378d9dafb373cdba2f,2021-11-30 07:59:24 +1100,"manifests/restart.yaml, run_summary_home_156_aek156_payu_01deg_jra55v140_iaf_cycle4.csv","['2021-11-30 07:35:19: Run 749', 'update run summary']","[0, 1, 0]",x,md,md,4853520,True
,750,1959-07-01T00:00:00,1959-08-01T00:00:00,"[0, 1, 0, 0]",31.0,/scratch/v45/hh0162/access-om2/control/01deg_jra55v140_iaf_cycle4,/g/data/ik11/outputs/access-om2-01/01deg_jra55v140_iaf_cycle4/output750,48.016,,,Andrew Kiss,2021-11-30T09:07:30,32005886,0,[],normal,18971.63,0.7811111111111111,223528.64056451613,9.203252688172043,0.025000000000000022,564834.194348725,2.5268985348913233,12451.839999999851,12144,10461,1682,0.052,138.618122,1016.09,150.48,"[150, 100]",sectrobin,18,15,540,80,2,0d28380571cf906cbf71130dfde8260acae41270,2021-11-30 08:46:19 +1100,"manifests/restart.yaml, run_summary_home_156_aek156_payu_01deg_jra55v140_iaf_cycle4.csv","['2021-11-30 08:21:21: Run 750', 'update run summary']","[0, 1, 0]",x,md,md,4860000,True
,751,1959-08-01T00:00:00,1959-09-01T00:00:00,"[0, 1, 0, 0]",31.0,/scratch/v45/hh0162/access-om2/control/01deg_jra55v140_iaf_cycle4,/g/data/ik11/outputs/access-om2-01/01deg_jra55v140_iaf_cycle4/output751,47.956,,,Andrew Kiss,2021-11-30T09:58:37,32009151,0,[],normal,20347.95,0.8377777777777777,239744.79798387096,9.870913978494622,0.01416666666666666,573219.0674926639,2.390955183650023,12421.120000000112,12144,10461,1682,0.129,378.945233,1025.55,159.58,"[150, 100]",sectrobin,18,15,540,80,2,15f54907963b00da774c6fe66b4e553ab33682f2,2021-11-30 09:52:19 +1100,"manifests/restart.yaml, run_summary_home_156_aek156_payu_01deg_jra55v140_iaf_cycle4.csv","['2021-11-30 09:09:13: Run 751', 'update run summary']","[0, 1, 0]",x,md,md,4866480,True
,752,1959-09-01T00:00:00,1959-10-01T00:00:00,"[0, 1, 0, 0]",30.0,/scratch/v45/hh0162/access-om2/control/01deg_jra55v140_iaf_cycle4,/g/data/ik11/outputs/access-om2-01/01deg_jra55v140_iaf_cycle4/output752,47.421,,,Andrew Kiss,2021-11-30T10:44:37,32012562,0,[],normal,18236.24,0.7508333333333334,222026.22200000004,9.141395833333334,0.015833333333333366,570873.6000000001,2.5711990000892775,12421.120000000112,12144,10461,1682,0.049,129.187529,1004.16,144.4,"[150, 100]",sectrobin,18,15,540,80,2,f49be530e92970fd3f53d784d6a665dbc7acbcd8,2021-11-30 10:27:46 +1100,"manifests/restart.yaml, run_summary_home_156_aek156_payu_01deg_jra55v140_iaf_cycle4.csv","['2021-11-30 10:00:24: Run 752', 'update run summary']","[0, 1, 0]",x,md,md,4872960,True
,753,1959-10-01T00:00:00,1959-11-01T00:00:00,"[0, 1, 0, 0]",31.0,/scratch/v45/hh0162/access-om2/control/01deg_jra55v140_iaf_cycle4,/g/data/ik11/outputs/access-om2-01/01deg_jra55v140_iaf_cycle4/output753,48.126,,,Andrew Kiss,2021-11-30T11:33:54,32015426,0,[],normal,19295.47,0.7944444444444444,227344.20701612905,9.36034946236559,0.026944444444444438,563790.5336489687,2.479898393051952,12421.120000000112,12144,10461,1682,0.059,162.844299,1033.49,154.97,"[150, 100]",sectrobin,18,15,540,80,2,b54c804eeedeac3ea7f24944799c39f82cf7a8ff,2021-11-30 11:15:09 +1100,"manifests/restart.yaml, run_summary_home_156_aek156_payu_01deg_jra55v140_iaf_cycle4.csv","['2021-11-30 10:47:01: Run 753', 'update run summary']","[0, 1, 0]",x,md,md,4879440,True
,754,1959-11-01T00:00:00,1959-12-01T00:00:00,"[0, 1, 0, 0]",30.0,/scratch/v45/hh0162/access-om2/control/01deg_jra55v140_iaf_cycle4,/g/data/ik11/outputs/access-om2-01/01deg_jra55v140_iaf_cycle4/output754,47.747,,,Andrew Kiss,2021-11-30T12:18:35,32020327,0,[],normal,17919.15,0.7377777777777778,218165.65125000002,8.982444444444445,0.00694444444444442,577476.5236851922,2.6469635360859405,12390.400000000373,12144,10461,1682,0.051,130.990664,949.14,145.55,"[150, 100]",sectrobin,18,15,540,80,2,5b2b0a71f88bba565ddb69992479fb237f6634bb,2021-11-30 12:02:13 +1100,"ice/cice_in.nml, manifests/restart.yaml, run_summary_home_156_aek156_payu_01deg_jra55v140_iaf_cycle4.csv","['2021-11-30 11:35:04: Run 754', 'turn off daily and monthly output of ice T, S profiles (Tinz, Sinz)', 'update run summary']","[0, 1, 0]",x,md,md,4885920,True
,755,1959-12-01T00:00:00,1960-01-01T00:00:00,"[0, 1, 0, 0]",31.0,/scratch/v45/hh0162/access-om2/control/01deg_jra55v140_iaf_cycle4,/g/data/ik11/outputs/access-om2-01/01deg_jra55v140_iaf_cycle4/output755,41.433,/scratch/v45/hh0162/access-om2/archive/01deg_jra55v140_iaf_cycle4/restart755,0.0,Andrew Kiss,2021-11-30T13:03:09,32022025,0,[],normal,17871.92,0.7358333333333333,210571.57354838707,8.669778225806452,0.00694444444444442,577462.1869857891,2.742355852002476,12410.879999999888,12144,10461,1682,0.039,100.896579,931.9,114.42,"[150, 100]",sectrobin,18,15,540,80,2,b8a646d8394989fe4027da7c6016fd05991e697d,2021-11-30 12:43:46 +1100,"manifests/restart.yaml, run_summary_home_156_aek156_payu_01deg_jra55v140_iaf_cycle4.csv","['2021-11-30 12:19:45: Run 755', 'update run summary']","[0, 1, 0]",x,x,x,4892400,True
,756,1960-01-01T00:00:00,1960-04-01T00:00:00,"[0, 3, 0, 0]",91.0,/scratch/v45/hh0162/access-om2/control/01deg_jra55v140_iaf_cycle4,/g/data/ik11/outputs/access-om2-01/01deg_jra55v140_iaf_cycle4/output756,121.835,,,Andrew Kiss,2021-11-30T17:51:58,32029754,1,[32023774],normal,57204.99,2.355277777777778,229605.74282967031,9.453463827838828,2.4583333333333335,285216.177275088,1.2421996669598612,13527.040000000037,12144,10461,1682,0.199,1666.328381,3165.49,1420.94,"[150, 100]",sectrobin,18,15,540,80,2,13c9a9112ce0accd1d9a79bb378423b9be6308e8,2021-11-30 15:21:28 +1100,"accessom2.nml, config.yaml, manifests/restart.yaml, run_summary_home_156_aek156_payu_01deg_jra55v140_iaf_cycle4.csv","['2021-11-30 13:04:21: Run 756', 'update run summary', 'switch to 3mo runs from 1960-01-01 (run 756) onwards', 'request 5hr walltime']","[0, 3, 0]",x,x,x,4898880,True
,757,1960-04-01T00:00:00,1960-07-01T00:00:00,"[0, 3, 0, 0]",91.0,/scratch/v45/hh0162/access-om2/control/01deg_jra55v140_iaf_cycle4,/g/data/ik11/outputs/access-om2-01/01deg_jra55v140_iaf_cycle4/output757,121.234,,,Andrew Kiss,2021-11-30T20:19:28,32038893,0,[],normal,58628.53,2.4138888888888888,235319.45695054944,9.688713369963368,0.04444444444444473,572373.4454237288,2.4323252009884104,13608.959999999963,12144,10461,1682,0.218,1903.627393,3206.91,1352.77,"[150, 100]",sectrobin,18,15,540,80,2,5d3961b8278005d15d930734869c43505a0956ce,2021-11-30 18:43:47 +1100,"manifests/restart.yaml, run_summary_home_156_aek156_payu_01deg_jra55v140_iaf_cycle4.csv","['2021-11-30 17:55:30: Run 757', 'update run summary']","[0, 3, 0]",x,x,x,4905360,True
,758,1960-07-01T00:00:00,1960-10-01T00:00:00,"[0, 3, 0, 0]",92.0,/scratch/v45/hh0162/access-om2/control/01deg_jra55v140_iaf_cycle4,/g/data/ik11/outputs/access-om2-01/01deg_jra55v140_iaf_cycle4/output758,122.071,,,Andrew Kiss,2021-11-30T22:51:42,32045250,0,[],normal,61118.05,2.516388888888889,242645.3017663044,9.99033740942029,0.02083333333333348,578125.631705715,2.38259561383355,13455.360000000335,12144,10461,1682,0.232,2077.883317,3191.76,2093.2,"[150, 100]",sectrobin,18,15,540,80,2,f4d1138a63e127b8fd708f1776ddc5f090cf3d35,2021-11-30 21:04:59 +1100,"manifests/restart.yaml, run_summary_home_156_aek156_payu_01deg_jra55v140_iaf_cycle4.csv","['2021-11-30 20:21:31: Run 758', 'update run summary']","[0, 3, 0]",x,x,x,4911840,True
,759,1960-10-01T00:00:00,1961-01-01T00:00:00,"[0, 3, 0, 0]",92.0,/scratch/v45/hh0162/access-om2/control/01deg_jra55v140_iaf_cycle4,/g/data/ik11/outputs/access-om2-01/01deg_jra55v140_iaf_cycle4/output759,122.429,/scratch/v45/hh0162/access-om2/archive/01deg_jra55v140_iaf_cycle4/restart759,0.0,Andrew Kiss,2021-12-01T01:34:52,32053182,1,[32052615],normal,58061.81,2.3905555555555558,230511.69676630435,9.490765398550726,0.3288888888888888,512414.7481103166,2.222944671783008,13475.839999999851,12144,10461,1682,0.174,1503.651146,3104.09,1312.62,"[150, 100]",sectrobin,18,15,540,80,2,0c7700ca2cbfb64a57f5164822648587d281894f,2021-11-30 23:40:21 +1100,"manifests/restart.yaml, run_summary_home_156_aek156_payu_01deg_jra55v140_iaf_cycle4.csv","['2021-11-30 22:52:50: Run 759', 'update run summary']","[0, 3, 0]",x,x,x,4918320,True
,760,1961-01-01T00:00:00,1961-04-01T00:00:00,"[0, 3, 0, 0]",90.0,/scratch/v45/hh0162/access-om2/control/01deg_jra55v140_iaf_cycle4,/g/data/ik11/outputs/access-om2-01/01deg_jra55v140_iaf_cycle4/output760,121.506,,,Andrew Kiss,2021-12-01T03:42:33,32057816,0,[],normal,50573.01,2.082222222222222,205242.13225000002,8.450351851851853,0.04583333333333339,570357.4029500065,2.778948925824203,13363.200000000186,12144,10461,1682,0.111,823.499613,3103.03,705.47,"[150, 100]",sectrobin,18,15,540,80,2,a90b63f11e140cd3c2e0d039d8773d09bff1e889,2021-12-01 02:27:20 +1100,"manifests/restart.yaml, run_summary_home_156_aek156_payu_01deg_jra55v140_iaf_cycle4.csv","['2021-12-01 01:38:32: Run 760', 'update run summary']","[0, 3, 0]",x,x,x,4924800,True
,761,1961-04-01T00:00:00,1961-07-01T00:00:00,"[0, 3, 0, 0]",91.0,/scratch/v45/hh0162/access-om2/control/01deg_jra55v140_iaf_cycle4,/g/data/ik11/outputs/access-om2-01/01deg_jra55v140_iaf_cycle4/output761,121.511,,,Andrew Kiss,2021-12-01T05:41:34,32061170,0,[],normal,47678.69,1.9630555555555556,191369.68706043955,7.87918727106227,0.02055555555555566,576871.4208094104,3.014434677040671,13649.919999999925,12144,10461,1682,0.042,292.848431,3203.68,313.56,"[150, 100]",sectrobin,18,15,540,80,2,bcb50021804b630fcba3e0c670a35677f7d5f1ef,2021-12-01 04:27:50 +1100,"manifests/restart.yaml, run_summary_home_156_aek156_payu_01deg_jra55v140_iaf_cycle4.csv","['2021-12-01 03:44:43: Run 761', 'update run summary']","[0, 3, 0]",x,x,x,4931280,True
,762,1961-07-01T00:00:00,1961-10-01T00:00:00,"[0, 3, 0, 0]",92.0,/scratch/v45/hh0162/access-om2/control/01deg_jra55v140_iaf_cycle4,/g/data/ik11/outputs/access-om2-01/01deg_jra55v140_iaf_cycle4/output762,122.288,,,Andrew Kiss,2021-12-01T10:50:14,32066423,1,[32063388],normal,49432.83,2.035277777777778,196253.70823369568,8.08027400362319,3.109166666666667,230615.36241900647,1.1750879231509526,13547.519999999553,12144,10461,1682,0.044,317.229325,3262.0,342.52,"[150, 100]",sectrobin,18,15,540,80,2,5304ebd97807ab34d79adb50e1b95ffac9c0ad27,2021-12-01 06:29:47 +1100,"manifests/restart.yaml, run_summary_home_156_aek156_payu_01deg_jra55v140_iaf_cycle4.csv","['2021-12-01 05:44:35: Run 762', 'update run summary']","[0, 3, 0]",x,x,x,4937760,True
,763,1961-10-01T00:00:00,1962-01-01T00:00:00,"[0, 3, 0, 0]",92.0,/scratch/v45/hh0162/access-om2/control/01deg_jra55v140_iaf_cycle4,/g/data/ik11/outputs/access-om2-01/01deg_jra55v140_iaf_cycle4/output763,122.573,/scratch/v45/hh0162/access-om2/archive/01deg_jra55v140_iaf_cycle4/restart763,0.0,Andrew Kiss,2021-12-01T12:55:19,32070449,0,[],normal,49223.68,2.026666666666667,195423.36000000002,8.04608695652174,0.058055555555555305,566679.0075949368,2.8997506111599796,13404.160000000149,12144,10461,1682,0.044,320.104322,3088.97,341.42,"[150, 100]",sectrobin,18,15,540,80,2,32a18e172bef28fbb0fe29ee9cf09fda2d9f4829,2021-12-01 11:37:18 +1100,"manifests/restart.yaml, run_summary_home_156_aek156_payu_01deg_jra55v140_iaf_cycle4.csv","['2021-12-01 10:55:11: Run 763', 'update run summary']","[0, 3, 0]",x,x,x,4944240,True
,764,1962-01-01T00:00:00,1962-04-01T00:00:00,"[0, 3, 0, 0]",90.0,/scratch/v45/hh0162/access-om2/control/01deg_jra55v140_iaf_cycle4,/g/data/ik11/outputs/access-om2-01/01deg_jra55v140_iaf_cycle4/output764,106.921,,,Andrew Kiss,2021-12-01T14:52:16,32075323,0,[],normal,47219.92,1.9441666666666666,191634.17533333335,7.890076388888889,0.0050000000000001155,581416.7148353998,3.0339928346500242,13424.639999999665,12144,10461,1682,0.042,293.474639,3135.99,312.5,"[150, 100]",sectrobin,18,15,540,80,2,1a9b026bc23168e9cd9268c3208d1d1e19f8c89d,2021-12-01 13:37:40 +1100,"manifests/restart.yaml, run_summary_home_156_aek156_payu_01deg_jra55v140_iaf_cycle4.csv","['2021-12-01 12:56:33: Run 764', 'update run summary']","[0, 3, 0]",x,x,x,4950720,True
,765,1962-04-01T00:00:00,1962-07-01T00:00:00,"[0, 3, 0, 0]",91.0,/scratch/v45/hh0162/access-om2/control/01deg_jra55v140_iaf_cycle4,/g/data/ik11/outputs/access-om2-01/01deg_jra55v140_iaf_cycle4/output765,84.553,,,Andrew Kiss,2021-12-01T16:49:20,32080691,0,[],normal,47280.64,1.9466666666666668,189772.01934065932,7.813406593406594,0.004444444444444251,581584.1822323463,3.0646466441838602,13557.759999999776,12144,10461,1682,0.042,291.30818,3162.26,312.09,"[150, 100]",sectrobin,18,15,540,80,2,31f77498b75abfca530084bb8d6c676fda6c8ea5,2021-12-01 14:53:18 +1100,manifests/restart.yaml,['2021-12-01 14:53:18: Run 765'],"[0, 3, 0]",x,x,x,4957200,True
,766,1962-07-01T00:00:00,1962-10-01T00:00:00,"[0, 3, 0, 0]",92.0,/scratch/v45/hh0162/access-om2/control/01deg_jra55v140_iaf_cycle4,/g/data/ik11/outputs/access-om2-01/01deg_jra55v140_iaf_cycle4/output766,122.23,,,Andrew Kiss,2021-12-01T18:54:35,32085256,0,[],normal,49378.85,2.0330555555555554,196039.40176630436,8.071451539855072,0.05444444444444452,567708.9341317366,2.895891994245595,13434.879999999888,12144,10461,1682,0.04,292.832114,3263.0,316.95,"[150, 100]",sectrobin,18,15,540,80,2,07e53e1c04324af0f7226a338a2802273405d743,2021-12-01 16:53:19 +1100,manifests/restart.yaml,['2021-12-01 16:53:19: Run 766'],"[0, 3, 0]",x,x,x,4963680,True
,767,1962-10-01T00:00:00,1963-01-01T00:00:00,"[0, 3, 0, 0]",92.0,/scratch/v45/hh0162/access-om2/control/01deg_jra55v140_iaf_cycle4,/g/data/ik11/outputs/access-om2-01/01deg_jra55v140_iaf_cycle4/output767,122.69,/scratch/v45/hh0162/access-om2/archive/01deg_jra55v140_iaf_cycle4/restart767,0.0,Andrew Kiss,2021-12-02T00:59:53,32093785,1,[32089133],normal,48852.61,2.011388888888889,193950.17176630438,7.9854325181159425,4.076944444444444,192575.30358609365,0.9929112298912148,13537.28000000026,12144,10461,1682,0.042,303.874323,3120.48,323.63,"[150, 100]",sectrobin,18,15,540,80,2,26b72697b0ad2d111e2ff74d2e0862c2b12a9ef4,2021-12-01 20:40:32 +1100,"manifests/restart.yaml, run_summary_home_156_aek156_payu_01deg_jra55v140_iaf_cycle4.csv","['2021-12-01 19:02:58: Run 767', 'update run summary']","[0, 3, 0]",x,x,x,4970160,True
,768,1963-01-01T00:00:00,1963-04-01T00:00:00,"[0, 3, 0, 0]",90.0,/scratch/v45/hh0162/access-om2/control/01deg_jra55v140_iaf_cycle4,/g/data/ik11/outputs/access-om2-01/01deg_jra55v140_iaf_cycle4/output768,121.811,,,hakase hayashida,2021-12-02T08:59:11,32104669,1,[32098892],normal,48346.61,1.9905555555555556,196206.65891666667,8.078337962962964,5.997777777777777,145251.65533069058,0.7402993156943883,13486.080000000075,12144,10461,1682,0.045,319.822209,3178.78,338.95,"[150, 100]",sectrobin,18,15,540,80,2,f8132c2b97c4dd3720ebd360ee15547df1e0efb0,2021-12-02 08:11:14 +1100,"config.yaml, set_nextdate.sh",['add set_nextdate.sh to enable saving of daily-mean every five days by modifying the reference date. This script is executed during `payu init` as defined by `config.yaml`.'],"[0, 3, 0]",x,x,x,4976640,True
,769,1963-04-01T00:00:00,1963-07-01T00:00:00,"[0, 3, 0, 0]",91.0,/scratch/v45/hh0162/access-om2/control/01deg_jra55v140_iaf_cycle4,/g/data/ik11/outputs/access-om2-01/01deg_jra55v140_iaf_cycle4/output769,121.582,,,Andrew Kiss,2021-12-02T11:00:22,32106491,0,[],normal,47935.07,1.9736111111111112,192398.72876373626,7.921554487179487,0.04611111111111099,569603.9125292257,2.960538856931293,13496.320000000298,12144,10461,1682,0.042,296.05168,3181.23,317.36,"[150, 100]",sectrobin,18,15,540,80,2,7945750a8d8f12a58eaea9cc697e1b2576c92055,2021-12-02 09:42:00 +1100,"config.yaml, manifests/restart.yaml, run_summary_home_156_aek156_payu_01deg_jra55v140_iaf_cycle4.csv, set_nextdate.sh",,"[0, 3, 0]",x,x,x,4983120,True
,770,1963-07-01T00:00:00,1963-10-01T00:00:00,"[0, 3, 0, 0]",92.0,/scratch/v45/hh0162/access-om2/control/01deg_jra55v140_iaf_cycle4,/g/data/ik11/outputs/access-om2-01/01deg_jra55v140_iaf_cycle4/output770,122.344,,,Andrew Kiss,2021-12-02T13:24:11,32110015,0,[],normal,56989.09,2.346388888888889,226252.88176630434,9.31541893115942,0.050555555555555465,570617.3804612353,2.522033646628305,13465.599999999627,12144,10461,1682,0.162,1395.106505,3206.71,743.72,"[150, 100]",sectrobin,18,15,540,80,2,308a1cb1e7719a5d45b3be922bf26f380ad081d6,2021-12-02 12:05:38 +1100,"config.yaml, manifests/restart.yaml, run_summary_home_156_aek156_payu_01deg_jra55v140_iaf_cycle4.csv, set_nextdate.sh","['2021-12-02 11:04:10: Run 770', ""Merge branch '01deg_jra55v140_iaf_cycle4' of https://github.com/COSIMA/01deg_jra55_iaf into 01deg_jra55v140_iaf_cycle4"", 'update run summary', 'make set_nextdate.sh executable']","[0, 3, 0]",x,x,x,4989600,True
,771,1963-10-01T00:00:00,1964-01-01T00:00:00,"[0, 3, 0, 0]",92.0,/scratch/v45/hh0162/access-om2/control/01deg_jra55v140_iaf_cycle4,/g/data/ik11/outputs/access-om2-01/01deg_jra55v140_iaf_cycle4/output771,122.582,/scratch/v45/hh0162/access-om2/archive/01deg_jra55v140_iaf_cycle4/restart771,0.0,Andrew Kiss,2021-12-02T16:21:11,32116217,0,[],normal,56975.6,2.345833333333333,226199.325,9.313213315217391,0.604166666666667,463530.30508474575,2.0492117077924332,13383.679999999702,12144,10461,1682,0.177,1487.07446,3157.94,1124.96,"[150, 100]",sectrobin,18,15,540,80,2,c3b4ae33231e22894cd7052865a87f62060883f1,2021-12-02 14:13:34 +1100,"manifests/restart.yaml, run_summary_home_156_aek156_payu_01deg_jra55v140_iaf_cycle4.csv","['2021-12-02 14:01:21: Run 771', 'update run summary']","[0, 3, 0]",x,x,x,4996080,True
,772,1964-01-01T00:00:00,1964-04-01T00:00:00,"[0, 3, 0, 0]",91.0,/scratch/v45/hh0162/access-om2/control/01deg_jra55v140_iaf_cycle4,/g/data/ik11/outputs/access-om2-01/01deg_jra55v140_iaf_cycle4/output772,121.907,,,Andrew Kiss,2021-12-02T18:54:54,32120469,0,[],normal,47874.35,1.971111111111111,192155.0146978022,7.911520146520146,0.5908333333333333,448481.38783476094,2.3339561995822873,13506.55999999959,12144,10461,1682,0.042,298.032652,3176.58,316.44,"[150, 100]",sectrobin,18,15,540,80,2,31b459451092e8d9d58b5dacabe143ec00cf1a79,2021-12-02 17:32:31 +1100,"manifests/restart.yaml, run_summary_home_156_aek156_payu_01deg_jra55v140_iaf_cycle4.csv","['2021-12-02 16:57:31: Run 772', 'update run summary']","[0, 3, 0]",x,x,x,5002560,True
,773,1964-04-01T00:00:00,1964-07-01T00:00:00,"[0, 3, 0, 0]",91.0,/scratch/v45/hh0162/access-om2/control/01deg_jra55v140_iaf_cycle4,/g/data/ik11/outputs/access-om2-01/01deg_jra55v140_iaf_cycle4/output773,121.298,,,Andrew Kiss,2021-12-02T21:24:24,32125538,0,[],normal,49210.19,2.026111111111111,197516.72414835164,8.132275641025641,0.4655555555555555,473997.81672240805,2.3997857334166595,13690.879999999888,12144,10461,1682,0.051,362.803371,3267.34,386.39,"[150, 100]",sectrobin,18,15,540,80,2,a6cc5cfd39334844977b375169c70d4d790f28e2,2021-12-02 19:44:20 +1100,"manifests/restart.yaml, run_summary_home_156_aek156_payu_01deg_jra55v140_iaf_cycle4.csv","['2021-12-02 19:23:40: Run 773', 'update run summary']","[0, 3, 0]",x,x,x,5009040,True
,774,1964-07-01T00:00:00,1964-10-01T00:00:00,"[0, 3, 0, 0]",92.0,/scratch/v45/hh0162/access-om2/control/01deg_jra55v140_iaf_cycle4,/g/data/ik11/outputs/access-om2-01/01deg_jra55v140_iaf_cycle4/output774,122.111,,,Andrew Kiss,2021-12-02T23:44:30,32137146,0,[],normal,50269.41,2.069722222222222,199575.0217663044,8.217022192028985,0.26527777777777795,516687.7259100643,2.5889398449626038,13527.040000000037,12144,10461,1682,0.041,303.104493,3351.21,324.67,"[150, 100]",sectrobin,18,15,540,80,2,4b5278e0dd8dea6cd753cd3279afe0c8e1e53819,2021-12-02 22:13:26 +1100,"manifests/restart.yaml, run_summary_home_156_aek156_payu_01deg_jra55v140_iaf_cycle4.csv","['2021-12-02 21:41:11: Run 774', 'update run summary']","[0, 3, 0]",x,x,x,5015520,True
,775,1964-10-01T00:00:00,1965-01-01T00:00:00,"[0, 3, 0, 0]",92.0,/scratch/v45/hh0162/access-om2/control/01deg_jra55v140_iaf_cycle4,/g/data/ik11/outputs/access-om2-01/01deg_jra55v140_iaf_cycle4/output775,122.599,/scratch/v45/hh0162/access-om2/archive/01deg_jra55v140_iaf_cycle4/restart775,0.0,Andrew Kiss,2021-12-03T01:51:19,32144700,0,[],normal,49001.04,2.0175,194539.45500000002,8.009694293478262,0.09611111111111104,556405.5534235773,2.8601167481608156,13475.839999999851,12144,10461,1682,0.048,348.925117,3087.91,370.58,"[150, 100]",sectrobin,18,15,540,80,2,77345c4425faf94bbfbdd0cac98bbace0149b259,2021-12-03 00:33:02 +1100,"manifests/restart.yaml, run_summary_home_156_aek156_payu_01deg_jra55v140_iaf_cycle4.csv","['2021-12-02 23:51:04: Run 775', 'update run summary']","[0, 3, 0]",x,x,x,5022000,True
,776,1965-01-01T00:00:00,1965-04-01T00:00:00,"[0, 3, 0, 0]",90.0,/scratch/v45/hh0162/access-om2/control/01deg_jra55v140_iaf_cycle4,/g/data/ik11/outputs/access-om2-01/01deg_jra55v140_iaf_cycle4/output776,121.569,,,Andrew Kiss,2021-12-03T04:20:25,32151483,0,[],normal,58520.59,2.4094444444444445,237496.06108333333,9.778328703703705,0.07555555555555538,565188.7967806841,2.3797817707063738,13404.160000000149,12144,10461,1682,0.223,1920.04366,3216.73,2080.13,"[150, 100]",sectrobin,18,15,540,80,2,71ba4731a578cc328589b3803e1e72ff0972d4ed,2021-12-03 02:43:23 +1100,"manifests/restart.yaml, run_summary_home_156_aek156_payu_01deg_jra55v140_iaf_cycle4.csv","['2021-12-03 01:56:46: Run 776', 'update run summary']","[0, 3, 0]",x,x,x,5028480,True
,777,1965-04-01T00:00:00,1965-07-01T00:00:00,"[0, 3, 0, 0]",91.0,/scratch/v45/hh0162/access-om2/control/01deg_jra55v140_iaf_cycle4,/g/data/ik11/outputs/access-om2-01/01deg_jra55v140_iaf_cycle4/output777,121.351,,,Andrew Kiss,2021-12-03T06:26:49,32159326,0,[],normal,50147.97,2.064722222222222,201280.72574175824,8.287250457875457,0.04194444444444434,571305.9873417722,2.838354170457204,13619.200000000186,12144,10461,1682,0.074,551.895138,3216.8,314.81,"[150, 100]",sectrobin,18,15,540,80,2,6193828a1fd58b2c291c6218c5748d691ba3a65f,2021-12-03 05:06:07 +1100,"manifests/restart.yaml, run_summary_home_156_aek156_payu_01deg_jra55v140_iaf_cycle4.csv","['2021-12-03 04:23:46: Run 777', 'update run summary']","[0, 3, 0]",x,x,x,5034960,True
,778,1965-07-01T00:00:00,1965-10-01T00:00:00,"[0, 3, 0, 0]",92.0,/scratch/v45/hh0162/access-om2/control/01deg_jra55v140_iaf_cycle4,/g/data/ik11/outputs/access-om2-01/01deg_jra55v140_iaf_cycle4/output778,122.141,,,Andrew Kiss,2021-12-03T08:31:30,32164897,0,[],normal,49810.64,2.0508333333333333,197753.65500000003,8.14203125,0.02722222222222248,575275.9385108942,2.909053380130416,13424.639999999665,12144,10461,1682,0.043,315.65081,3281.34,331.74,"[150, 100]",sectrobin,18,15,540,80,2,4ed3c20f164d0ef06970f400d4856c60e8abb805,2021-12-03 07:12:56 +1100,"manifests/restart.yaml, run_summary_home_156_aek156_payu_01deg_jra55v140_iaf_cycle4.csv","['2021-12-03 06:29:19: Run 778', 'update run summary']","[0, 3, 0]",x,x,x,5041440,True
,779,1965-10-01T00:00:00,1966-01-01T00:00:00,"[0, 3, 0, 0]",92.0,/scratch/v45/hh0162/access-om2/control/01deg_jra55v140_iaf_cycle4,/g/data/ik11/outputs/access-om2-01/01deg_jra55v140_iaf_cycle4/output779,122.594,/scratch/v45/hh0162/access-om2/archive/01deg_jra55v140_iaf_cycle4/restart779,0.0,Andrew Kiss,2021-12-03T11:01:42,32168887,0,[],normal,60173.52,2.4775,238895.415,9.835944293478262,0.025833333333333375,576896.5965379494,2.4148500151748387,13496.320000000298,12144,10461,1682,0.211,1826.682167,3067.43,829.16,"[150, 100]",sectrobin,18,15,540,80,2,40e87883b03789104ba3506c1f4a99453f7bff53,2021-12-03 09:14:41 +1100,"manifests/restart.yaml, run_summary_home_156_aek156_payu_01deg_jra55v140_iaf_cycle4.csv","['2021-12-03 08:33:49: Run 779', 'update run summary']","[0, 3, 0]",x,x,x,5047920,True
,780,1966-01-01T00:00:00,1966-04-01T00:00:00,"[0, 3, 0, 0]",90.0,/scratch/v45/hh0162/access-om2/control/01deg_jra55v140_iaf_cycle4,/g/data/ik11/outputs/access-om2-01/01deg_jra55v140_iaf_cycle4/output780,121.628,,,Andrew Kiss,2021-12-03T14:18:40,32181053,0,[],normal,79010.21,3.2530555555555556,320649.7689166667,13.201983796296297,0.029722222222221983,577634.2988661365,1.8014492909747184,13404.160000000149,12144,10461,1682,0.126,954.316796,3126.45,952.32,"[150, 100]",sectrobin,18,15,540,80,2,7ef937fd686d9beaeccf7316d803980f05c4e554,2021-12-03 12:12:15 +1100,"manifests/restart.yaml, run_summary_home_156_aek156_payu_01deg_jra55v140_iaf_cycle4.csv","['update run summary', '2021-12-03 12:12:15: Run 780']","[0, 3, 0]",x,x,x,5054400,True
,781,1966-04-01T00:00:00,1966-07-01T00:00:00,"[0, 3, 0, 0]",91.0,/scratch/v45/hh0162/access-om2/control/01deg_jra55v140_iaf_cycle4,/g/data/ik11/outputs/access-om2-01/01deg_jra55v140_iaf_cycle4/output781,121.415,,,Andrew Kiss,2021-12-03T16:27:16,32201304,0,[],normal,50998.05,2.0997222222222223,204692.72266483516,8.427731227106227,0.04361111111111127,571051.2597200621,2.7897975672300976,13598.71999999974,12144,10461,1682,0.103,769.126758,3184.73,774.13,"[150, 100]",sectrobin,18,15,540,80,2,54064f8198bfa89999325a1b73e5717899b053c9,2021-12-03 15:11:26 +1100,"manifests/restart.yaml, run_summary_home_156_aek156_payu_01deg_jra55v140_iaf_cycle4.csv","['2021-12-03 14:22:08: Run 781', 'update run summary']","[0, 3, 0]",x,x,x,5060880,True
,782,1966-07-01T00:00:00,1966-10-01T00:00:00,"[0, 3, 0, 0]",92.0,/scratch/v45/hh0162/access-om2/control/01deg_jra55v140_iaf_cycle4,/g/data/ik11/outputs/access-om2-01/01deg_jra55v140_iaf_cycle4/output782,122.255,,,Andrew Kiss,2021-12-03T20:41:36,32208412,0,[],normal,52664.48,2.1683333333333334,209083.71000000002,8.608519021739133,2.0705555555555555,298178.96933158586,1.4261224336012872,13475.839999999851,12144,10461,1682,0.104,800.410494,3231.54,823.16,"[150, 100]",sectrobin,18,15,540,80,2,36ec27c807966e6ef766563532b9a7af9067c011,2021-12-03 18:32:37 +1100,"manifests/restart.yaml, run_summary_home_156_aek156_payu_01deg_jra55v140_iaf_cycle4.csv","['update run summary', '2021-12-03 18:32:37: Run 782']","[0, 3, 0]",x,x,x,5067360,True
,783,1966-10-01T00:00:00,1967-01-01T00:00:00,"[0, 3, 0, 0]",92.0,/scratch/v45/hh0162/access-om2/control/01deg_jra55v140_iaf_cycle4,/g/data/ik11/outputs/access-om2-01/01deg_jra55v140_iaf_cycle4/output783,122.661,/scratch/v45/hh0162/access-om2/archive/01deg_jra55v140_iaf_cycle4/restart783,0.0,Andrew Kiss,2021-12-03T22:51:21,32218832,0,[],normal,51922.35,2.137777777777778,206137.37323369566,8.487210144927538,0.02472222222222209,576248.0462427745,2.7954564337515277,13455.360000000335,12144,10461,1682,0.094,705.123733,3098.38,726.93,"[150, 100]",sectrobin,18,15,540,80,2,45643d5cbe8ba177e43fccc57beaa38b5f539638,2021-12-03 21:32:19 +1100,"manifests/restart.yaml, run_summary_home_156_aek156_payu_01deg_jra55v140_iaf_cycle4.csv","['2021-12-03 20:43:46: Run 783', 'update run summary']","[0, 3, 0]",x,x,x,5073840,True
,784,1967-01-01T00:00:00,1967-04-01T00:00:00,"[0, 3, 0, 0]",90.0,/scratch/v45/hh0162/access-om2/control/01deg_jra55v140_iaf_cycle4,/g/data/ik11/outputs/access-om2-01/01deg_jra55v140_iaf_cycle4/output784,121.675,,,Andrew Kiss,2021-12-04T01:21:23,32225640,0,[],normal,47550.51,1.9577777777777778,192975.81975000002,7.945314814814815,0.5427777777777778,456383.47744945565,2.3649775295200195,13496.320000000298,12144,10461,1682,0.044,305.45266,3157.18,324.66,"[150, 100]",sectrobin,18,15,540,80,2,610d9b09b25e17359f537c424cc793a8eece4138,2021-12-03 23:59:48 +1100,"manifests/restart.yaml, run_summary_home_156_aek156_payu_01deg_jra55v140_iaf_cycle4.csv","['2021-12-03 23:24:55: Run 784', 'update run summary']","[0, 3, 0]",x,x,x,5080320,True
,785,1967-04-01T00:00:00,1967-07-01T00:00:00,"[0, 3, 0, 0]",91.0,/scratch/v45/hh0162/access-om2/control/01deg_jra55v140_iaf_cycle4,/g/data/ik11/outputs/access-om2-01/01deg_jra55v140_iaf_cycle4/output785,121.428,,,Andrew Kiss,2021-12-04T03:40:17,32233943,0,[],normal,54081.28,2.2266666666666666,217067.9947252747,8.937252747252746,0.08833333333333337,560669.8574514039,2.5829227296313215,13547.519999999553,12144,10461,1682,0.152,1212.401656,3168.18,1117.11,"[150, 100]",sectrobin,18,15,540,80,2,52c3bb8d19ab580d09fc076e89e39c9142c356d9,2021-12-04 02:09:02 +1100,"manifests/restart.yaml, run_summary_home_156_aek156_payu_01deg_jra55v140_iaf_cycle4.csv","['2021-12-04 01:27:32: Run 785', 'update run summary']","[0, 3, 0]",x,x,x,5086800,True
,786,1967-07-01T00:00:00,1967-10-01T00:00:00,"[0, 3, 0, 0]",92.0,/scratch/v45/hh0162/access-om2/control/01deg_jra55v140_iaf_cycle4,/g/data/ik11/outputs/access-om2-01/01deg_jra55v140_iaf_cycle4/output786,122.157,,,Andrew Kiss,2021-12-04T05:51:43,32238912,0,[],normal,49264.16,2.0283333333333333,195584.07000000004,8.052703804347827,0.16222222222222227,539744.2840476795,2.7596536059796657,13434.879999999888,12144,10461,1682,0.044,315.205886,3210.92,337.21,"[150, 100]",sectrobin,18,15,540,80,2,c7ff6882bf0f2d334c6651d614a52e22c2741fc9,2021-12-04 04:23:56 +1100,"manifests/restart.yaml, run_summary_home_156_aek156_payu_01deg_jra55v140_iaf_cycle4.csv","['2021-12-04 03:50:54: Run 786', 'update run summary']","[0, 3, 0]",x,x,x,5093280,True
,787,1967-10-01T00:00:00,1968-01-01T00:00:00,"[0, 3, 0, 0]",92.0,/scratch/v45/hh0162/access-om2/control/01deg_jra55v140_iaf_cycle4,/g/data/ik11/outputs/access-om2-01/01deg_jra55v140_iaf_cycle4/output787,122.683,/scratch/v45/hh0162/access-om2/archive/01deg_jra55v140_iaf_cycle4/restart787,0.0,Andrew Kiss,2021-12-04T08:03:37,32242504,0,[],normal,52185.47,2.1486111111111112,207181.98823369568,8.530219655797103,0.049722222222222,569727.6482183472,2.749889858068694,13434.879999999888,12144,10461,1682,0.104,796.91283,3137.36,694.22,"[150, 100]",sectrobin,18,15,540,80,2,16d60181caed8ebfd140405e30cb7032c826afe4,2021-12-04 06:35:32 +1100,"manifests/restart.yaml, run_summary_home_156_aek156_payu_01deg_jra55v140_iaf_cycle4.csv","['2021-12-04 05:55:31: Run 787', 'update run summary']","[0, 3, 0]",x,x,x,5099760,True
,788,1968-01-01T00:00:00,1968-04-01T00:00:00,"[0, 3, 0, 0]",91.0,/scratch/v45/hh0162/access-om2/control/01deg_jra55v140_iaf_cycle4,/g/data/ik11/outputs/access-om2-01/01deg_jra55v140_iaf_cycle4/output788,122.041,,,Andrew Kiss,2021-12-04T10:02:07,32246351,0,[],normal,47921.57,1.9730555555555556,192344.54332417581,7.919324633699634,0.0019444444444445264,582338.0658227848,3.027577781821017,13557.759999999776,12144,10461,1682,0.05,353.1883,3155.42,375.42,"[150, 100]",sectrobin,18,15,540,80,2,17fc4286db84c3f2b120c13dae257b655793df5f,2021-12-04 08:46:09 +1100,"manifests/restart.yaml, run_summary_home_156_aek156_payu_01deg_jra55v140_iaf_cycle4.csv","['2021-12-04 08:04:36: Run 788', 'update run summary']","[0, 3, 0]",x,x,x,5106240,True
,789,1968-04-01T00:00:00,1968-07-01T00:00:00,"[0, 3, 0, 0]",91.0,/scratch/v45/hh0162/access-om2/control/01deg_jra55v140_iaf_cycle4,/g/data/ik11/outputs/access-om2-01/01deg_jra55v140_iaf_cycle4/output789,121.582,,,Andrew Kiss,2021-12-04T12:01:22,32249955,0,[],normal,48204.93,1.9847222222222223,193481.8756318681,7.966151556776556,0.002777777777777768,582097.2679245282,3.0085364121240294,13670.400000000373,12144,10461,1682,0.046,325.767381,3231.59,349.76,"[150, 100]",sectrobin,18,15,540,80,2,5fb0a15fa378cdbf38eb7cbd2db86a327c427aa2,2021-12-04 10:52:24 +1100,"manifests/restart.yaml, run_summary_home_156_aek156_payu_01deg_jra55v140_iaf_cycle4.csv","['2021-12-04 10:03:07: Run 789', 'update run summary']","[0, 3, 0]",x,x,x,5112720,True
,790,1968-07-01T00:00:00,1968-10-01T00:00:00,"[0, 3, 0, 0]",92.0,/scratch/v45/hh0162/access-om2/control/01deg_jra55v140_iaf_cycle4,/g/data/ik11/outputs/access-om2-01/01deg_jra55v140_iaf_cycle4/output790,122.222,,,Andrew Kiss,2021-12-04T14:09:25,32254805,0,[],normal,51780.67,2.1319444444444446,205574.88823369567,8.464051177536234,0.0022222222222221255,582305.074580242,2.8325690923800133,13496.320000000298,12144,10461,1682,0.089,672.490551,3238.93,696.19,"[150, 100]",sectrobin,18,15,540,80,2,2ec45f9d57b21b42cfb4bbae45bcf704cb1f4ae8,2021-12-04 12:44:35 +1100,"manifests/restart.yaml, run_summary_home_156_aek156_payu_01deg_jra55v140_iaf_cycle4.csv","['2021-12-04 12:02:48: Run 790', 'update run summary']","[0, 3, 0]",x,x,x,5119200,True
,791,1968-10-01T00:00:00,1969-01-01T00:00:00,"[0, 3, 0, 0]",92.0,/scratch/v45/hh0162/access-om2/control/01deg_jra55v140_iaf_cycle4,/g/data/ik11/outputs/access-om2-01/01deg_jra55v140_iaf_cycle4/output791,122.678,/scratch/v45/hh0162/access-om2/archive/01deg_jra55v140_iaf_cycle4/restart791,0.0,Andrew Kiss,2021-12-04T16:27:21,32259662,0,[],normal,54540.05,2.2455555555555557,216529.9267663044,8.91509963768116,0.05333333333333323,569388.6321894636,2.6296070972396866,13424.639999999665,12144,10461,1682,0.041,311.193345,3473.07,334.94,"[150, 100]",sectrobin,18,15,540,80,2,dd8949ecbfc1b4f72ce92b562f2764d55cdf0478,2021-12-04 15:01:12 +1100,"manifests/restart.yaml, run_summary_home_156_aek156_payu_01deg_jra55v140_iaf_cycle4.csv","['2021-12-04 14:21:32: Run 791', 'update run summary']","[0, 3, 0]",x,x,x,5125680,True
,792,1969-01-01T00:00:00,1969-04-01T00:00:00,"[0, 3, 0, 0]",90.0,/scratch/v45/hh0162/access-om2/control/01deg_jra55v140_iaf_cycle4,/g/data/ik11/outputs/access-om2-01/01deg_jra55v140_iaf_cycle4/output792,121.698,,,Andrew Kiss,2021-12-04T18:28:21,32262478,0,[],normal,48926.83,2.0144444444444445,198561.38508333336,8.175287037037037,0.0022222222222221255,582269.7123966943,2.9324418348125647,13465.599999999627,12144,10461,1682,0.041,291.969838,3379.69,312.29,"[150, 100]",sectrobin,18,15,540,80,2,b7fc93d34349f7732628778263a9d6db68a666f2,2021-12-04 17:13:00 +1100,"manifests/restart.yaml, run_summary_home_156_aek156_payu_01deg_jra55v140_iaf_cycle4.csv","['2021-12-04 16:28:19: Run 792', 'update run summary']","[0, 3, 0]",x,x,x,5132160,True
,793,1969-04-01T00:00:00,1969-07-01T00:00:00,"[0, 3, 0, 0]",91.0,/scratch/v45/hh0162/access-om2/control/01deg_jra55v140_iaf_cycle4,/g/data/ik11/outputs/access-om2-01/01deg_jra55v140_iaf_cycle4/output793,121.383,,,Andrew Kiss,2021-12-05T15:52:17,32277241,0,[],normal,51038.53,2.1013888888888888,204855.1987087912,8.434420787545786,19.2975,57242.44498675944,0.2794288128764141,13690.879999999888,12144,10461,1682,0.081,597.091623,3255.98,611.43,"[150, 100]",sectrobin,18,15,540,80,2,4c7912e5033410c8cf5a90c508688d9d27b511d0,2021-12-05 13:47:02 +1100,"manifests/restart.yaml, run_summary_home_156_aek156_payu_01deg_jra55v140_iaf_cycle4.csv","['update run summary', '2021-12-05 13:47:01: Run 793']","[0, 3, 0]",x,x,x,5138640,True
,794,1969-07-01T00:00:00,1969-10-01T00:00:00,"[0, 3, 0, 0]",92.0,/scratch/v45/hh0162/access-om2/control/01deg_jra55v140_iaf_cycle4,/g/data/ik11/outputs/access-om2-01/01deg_jra55v140_iaf_cycle4/output794,122.424,,,Andrew Kiss,2021-12-05T18:02:30,32288198,0,[],normal,52131.49,2.1463888888888887,206967.68176630436,8.521397192028985,0.02388888888888907,576495.678484577,2.7854381590625423,13455.360000000335,12144,10461,1682,0.107,820.599419,3165.25,733.98,"[150, 100]",sectrobin,18,15,540,80,2,7b8f6b39671d7a5afba84b0a981f5ab1a0cd5386,2021-12-05 17:08:49 +1100,"manifests/restart.yaml, run_summary_home_156_aek156_payu_01deg_jra55v140_iaf_cycle4.csv","['2021-12-05 15:54:33: Run 794', 'update run summary']","[0, 3, 0]",x,x,x,5145120,True
,795,1969-10-01T00:00:00,1970-01-01T00:00:00,"[0, 3, 0, 0]",92.0,/scratch/v45/hh0162/access-om2/control/01deg_jra55v140_iaf_cycle4,/g/data/ik11/outputs/access-om2-01/01deg_jra55v140_iaf_cycle4/output795,122.654,/scratch/v45/hh0162/access-om2/archive/01deg_jra55v140_iaf_cycle4/restart795,0.0,hakase hayashida,2021-12-06T11:51:49,32307720,0,[],normal,48798.64,2.0091666666666668,193735.90500000003,7.9766100543478275,15.812777777777777,65714.90353652644,0.3391983718068493,13537.28000000026,12144,10461,1682,0.044,316.863227,3097.28,336.33,"[150, 100]",sectrobin,18,15,540,80,2,241a37cfa6d63b5c0202b18fcb5e578ece2cbb34,2021-12-06 11:33:31 +1100,"ocean/make_diag_table.py, run_summary_home_156_aek156_payu_01deg_jra55v140_iaf_cycle4.csv, set_nextdate.sh","['update run summary', 'update set_nextdate.sh https://github.com/COSIMA/access-om2/issues/241', ""enable ./make_diag_table.py https://github.com/COSIMA/make_diag_table/issues/4.\nNote that set_nextdate.sh will generate diag_table based on diag_table_source.yaml at ever single start of the run. so make sure diag_table_source.yaml is up to date (and don't just replace diag_table).""]","[0, 3, 0]",x,x,x,5151600,True
,796,1970-01-01T00:00:00,1970-04-01T00:00:00,"[0, 3, 0, 0]",90.0,/scratch/v45/hh0162/access-om2/control/01deg_jra55v140_iaf_cycle4,/g/data/ik11/outputs/access-om2-01/01deg_jra55v140_iaf_cycle4/output796,121.694,,,Andrew Kiss,2021-12-06T13:49:34,32331605,0,[],normal,47543.76,1.9575,192948.426,7.944187500000001,0.004999999999999893,581426.8738853503,3.013379719849854,13557.759999999776,12144,10461,1682,0.045,313.744486,3160.08,331.65,"[150, 100]",sectrobin,18,15,540,80,2,0a9a66a7d2174887b01cec68e28a20a0d87bfdb0,2021-12-06 12:36:49 +1100,"manifests/restart.yaml, run_summary_home_156_aek156_payu_01deg_jra55v140_iaf_cycle4.csv","[""Merge branch '01deg_jra55v140_iaf_cycle4' of https://github.com/COSIMA/01deg_jra55_iaf into 01deg_jra55v140_iaf_cycle4"", 'update run summary']","[0, 3, 0]",x,x,x,5158080,True
,797,1970-04-01T00:00:00,1970-07-01T00:00:00,"[0, 3, 0, 0]",91.0,/scratch/v45/hh0162/access-om2/control/01deg_jra55v140_iaf_cycle4,/g/data/ik11/outputs/access-om2-01/01deg_jra55v140_iaf_cycle4/output797,121.369,,,Andrew Kiss,2021-12-06T15:47:21,32343401,0,[],normal,47523.52,1.9566666666666668,190746.87560439558,7.853543956043956,0.006388888888888777,581014.8759020801,3.0459994380568043,13598.71999999974,12144,10461,1682,0.041,289.65872,3205.59,310.96,"[150, 100]",sectrobin,18,15,540,80,2,4938f270ab913851ee6bec4eb1c2645bd764d625,2021-12-06 14:33:23 +1100,"manifests/restart.yaml, run_summary_home_156_aek156_payu_01deg_jra55v140_iaf_cycle4.csv","['2021-12-06 13:50:47: Run 797', 'update run summary']","[0, 3, 0]",x,x,x,5164560,True
,798,1970-07-01T00:00:00,1970-10-01T00:00:00,"[0, 3, 0, 0]",92.0,/scratch/v45/hh0162/access-om2/control/01deg_jra55v140_iaf_cycle4,/g/data/ik11/outputs/access-om2-01/01deg_jra55v140_iaf_cycle4/output798,122.121,,,Andrew Kiss,2021-12-06T17:51:07,32351159,0,[],normal,50019.79,2.0594444444444444,198584.00323369566,8.17621829710145,0.0033333333333334103,581970.085645031,2.9305990219170006,13547.519999999553,12144,10461,1682,0.041,304.700864,3324.97,319.71,"[150, 100]",sectrobin,18,15,540,80,2,ae53d98450913ad7d35be16039186ded3df5888c,2021-12-06 16:51:22 +1100,"manifests/restart.yaml, nmltab.py, run_summary_home_156_aek156_payu_01deg_jra55v140_iaf_cycle4.csv, tidy_restarts.py","['2021-12-06 15:48:18: Run 798', 'update run summary', ""Merge branch '01deg_jra55v140_iaf_cycle4' of https://github.com/COSIMA/01deg_jra55_iaf into 01deg_jra55v140_iaf_cycle4""]","[0, 3, 0]",x,x,x,5171040,True
,799,1970-10-01T00:00:00,1971-01-01T00:00:00,"[0, 3, 0, 0]",92.0,/scratch/v45/hh0162/access-om2/control/01deg_jra55v140_iaf_cycle4,/g/data/ik11/outputs/access-om2-01/01deg_jra55v140_iaf_cycle4/output799,122.536,/scratch/v45/hh0162/access-om2/archive/01deg_jra55v140_iaf_cycle4/restart799,0.0,Andrew Kiss,2021-12-06T20:02:26,32359472,0,[],normal,52212.45,2.149722222222222,207289.10176630435,8.53463088768116,0.038888888888889195,572554.3444599567,2.762105386058592,13465.599999999627,12144,10461,1682,0.091,692.959582,3121.77,710.91,"[150, 100]",sectrobin,18,15,540,80,2,c30212fe127cbeeb8c8708fa3b135b1969a99ffe,2021-12-06 18:44:02 +1100,"manifests/restart.yaml, run_summary_home_156_aek156_payu_01deg_jra55v140_iaf_cycle4.csv","['2021-12-06 17:54:17: Run 799', 'update run summary']","[0, 3, 0]",x,x,x,5177520,True
,800,1971-01-01T00:00:00,1971-04-01T00:00:00,"[0, 3, 0, 0]",90.0,/scratch/v45/hh0162/access-om2/control/01deg_jra55v140_iaf_cycle4,/g/data/ik11/outputs/access-om2-01/01deg_jra55v140_iaf_cycle4/output800,121.47,,,Andrew Kiss,2021-12-06T22:12:46,32364547,0,[],normal,52462.08,2.16,212908.608,8.766000000000002,0.012222222222221912,579632.1882352942,2.7224460000945294,13516.799999999814,12144,10461,1682,0.125,955.659121,3171.69,976.92,"[150, 100]",sectrobin,18,15,540,80,2,47f5008d930bec36847782b281286bf0effece33,2021-12-06 22:11:05 +1100,"manifests/restart.yaml, run_summary_home_156_aek156_payu_01deg_jra55v140_iaf_cycle4.csv","['2021-12-06 20:04:29: Run 800', 'update run summary']","[0, 3, 0]",x,x,x,5184000,True
,801,1971-04-01T00:00:00,1971-07-01T00:00:00,"[0, 3, 0, 0]",91.0,/scratch/v45/hh0162/access-om2/control/01deg_jra55v140_iaf_cycle4,/g/data/ik11/outputs/access-om2-01/01deg_jra55v140_iaf_cycle4/output801,121.318,,,Andrew Kiss,2021-12-07T00:12:12,32370931,0,[],normal,48279.15,1.9877777777777779,193779.77513736262,7.978415750915751,0.002777777777777768,582098.5989394363,3.0039182289628013,13690.879999999888,12144,10461,1682,0.044,312.648867,3245.3,333.91,"[150, 100]",sectrobin,18,15,540,80,2,e280c0434c9b4709d6418c66cf73a6bc58c77146,2021-12-06 22:56:57 +1100,"manifests/restart.yaml, run_summary_home_156_aek156_payu_01deg_jra55v140_iaf_cycle4.csv","['2021-12-06 22:13:49: Run 801', 'update run summary']","[0, 3, 0]",x,x,x,5190480,True
,802,1971-07-01T00:00:00,1971-10-01T00:00:00,"[0, 3, 0, 0]",92.0,/scratch/v45/hh0162/access-om2/control/01deg_jra55v140_iaf_cycle4,/g/data/ik11/outputs/access-om2-01/01deg_jra55v140_iaf_cycle4/output802,122.105,,,Andrew Kiss,2021-12-07T02:32:43,32375458,0,[],normal,56773.2,2.3375,225395.77500000002,9.280129076086958,0.004444444444444695,581805.7739295457,2.5812629980732584,13445.120000000112,12144,10461,1682,0.169,1402.711688,3272.91,1419.95,"[150, 100]",sectrobin,18,15,540,80,2,926b6ab81c72d6e4c20a6b0974a8a98e65ae698d,2021-12-07 00:55:33 +1100,"manifests/restart.yaml, run_summary_home_156_aek156_payu_01deg_jra55v140_iaf_cycle4.csv","['2021-12-07 00:13:16: Run 802', 'update run summary']","[0, 3, 0]",x,x,x,5196960,True
,803,1971-10-01T00:00:00,1972-01-01T00:00:00,"[0, 3, 0, 0]",92.0,/scratch/v45/hh0162/access-om2/control/01deg_jra55v140_iaf_cycle4,/g/data/ik11/outputs/access-om2-01/01deg_jra55v140_iaf_cycle4/output803,122.548,/scratch/v45/hh0162/access-om2/archive/01deg_jra55v140_iaf_cycle4/restart803,0.0,Andrew Kiss,2021-12-07T04:34:14,32379710,0,[],normal,49034.77,2.0188888888888887,194673.36676630436,8.015208333333334,0.006388888888888999,581073.1213825264,2.9848619307030098,13445.120000000112,12144,10461,1682,0.043,311.206108,3174.49,329.14,"[150, 100]",sectrobin,18,15,540,80,2,c7c43423aea4cf80b4e43775cc4652454d4bce8c,2021-12-07 03:17:00 +1100,"manifests/restart.yaml, run_summary_home_156_aek156_payu_01deg_jra55v140_iaf_cycle4.csv","['2021-12-07 02:33:50: Run 803', 'update run summary']","[0, 3, 0]",x,x,x,5203440,True
,804,1972-01-01T00:00:00,1972-04-01T00:00:00,"[0, 3, 0, 0]",91.0,/scratch/v45/hh0162/access-om2/control/01deg_jra55v140_iaf_cycle4,/g/data/ik11/outputs/access-om2-01/01deg_jra55v140_iaf_cycle4/output804,121.93,,,Andrew Kiss,2021-12-07T06:47:04,32383195,0,[],normal,50971.07,2.098611111111111,204584.43206043955,8.42327152014652,0.11527777777777803,552559.6547051442,2.7008880839080844,13455.360000000335,12144,10461,1682,0.07,533.760593,3255.43,316.01,"[150, 100]",sectrobin,18,15,540,80,2,3148edc6bd748b53f9a42ddca9e28335b80255ef,2021-12-07 05:18:20 +1100,"manifests/restart.yaml, run_summary_home_156_aek156_payu_01deg_jra55v140_iaf_cycle4.csv","['2021-12-07 04:42:02: Run 804', 'update run summary']","[0, 3, 0]",x,x,x,5209920,True
,805,1972-04-01T00:00:00,1972-07-01T00:00:00,"[0, 3, 0, 0]",91.0,/scratch/v45/hh0162/access-om2/control/01deg_jra55v140_iaf_cycle4,/g/data/ik11/outputs/access-om2-01/01deg_jra55v140_iaf_cycle4/output805,121.451,,,Andrew Kiss,2021-12-07T08:48:21,32386067,0,[],normal,48373.6,1.9916666666666667,194158.8725274725,7.994024725274725,0.029722222222221983,574340.942696166,2.9580978464679726,13608.959999999963,12144,10461,1682,0.041,288.440695,3331.28,316.16,"[150, 100]",sectrobin,18,15,540,80,2,d01e05e9f15fc9c1ed3dc27534b86fff4e93da67,2021-12-07 07:28:02 +1100,"manifests/restart.yaml, run_summary_home_156_aek156_payu_01deg_jra55v140_iaf_cycle4.csv","['2021-12-07 06:49:41: Run 805', 'update run summary']","[0, 3, 0]",x,x,x,5216400,True
,806,1972-07-01T00:00:00,1972-10-01T00:00:00,"[0, 3, 0, 0]",92.0,/scratch/v45/hh0162/access-om2/control/01deg_jra55v140_iaf_cycle4,/g/data/ik11/outputs/access-om2-01/01deg_jra55v140_iaf_cycle4/output806,122.093,,,Andrew Kiss,2021-12-07T10:50:56,32389810,0,[],normal,49520.53,2.0388888888888888,196601.88676630435,8.094610507246378,0.004166666666666874,581723.1532290959,2.9588889648885988,13527.040000000037,12144,10461,1682,0.043,311.555387,3224.01,332.87,"[150, 100]",sectrobin,18,15,540,80,2,fb0dd4306dc6956caf6490dc9dd04d08e026e57f,2021-12-07 09:35:42 +1100,"manifests/restart.yaml, run_summary_home_156_aek156_payu_01deg_jra55v140_iaf_cycle4.csv","['2021-12-07 08:49:35: Run 806', 'update run summary']","[0, 3, 0]",x,x,x,5222880,True
,807,1972-10-01T00:00:00,1973-01-01T00:00:00,"[0, 3, 0, 0]",92.0,/scratch/v45/hh0162/access-om2/control/01deg_jra55v140_iaf_cycle4,/g/data/ik11/outputs/access-om2-01/01deg_jra55v140_iaf_cycle4/output807,122.469,/scratch/v45/hh0162/access-om2/archive/01deg_jra55v140_iaf_cycle4/restart807,0.0,Andrew Kiss,2021-12-07T15:16:54,32405509,1,[32397606],normal,48319.63,1.9894444444444443,191834.18323369566,7.898310688405798,2.4433333333333334,261612.73543050507,1.363744099307911,13537.28000000026,12144,10461,1682,0.043,303.091995,3053.93,312.53,"[150, 100]",sectrobin,18,15,540,80,2,bbaaa2e94d9c9e9eb616c3380f4157f43d390f34,2021-12-07 12:12:21 +1100,"manifests/restart.yaml, run_summary_home_156_aek156_payu_01deg_jra55v140_iaf_cycle4.csv","['update run summary', '2021-12-07 12:12:21: Run 807']","[0, 3, 0]",x,x,x,5229360,True
,808,1973-01-01T00:00:00,1973-04-01T00:00:00,"[0, 3, 0, 0]",90.0,/scratch/v45/hh0162/access-om2/control/01deg_jra55v140_iaf_cycle4,/g/data/ik11/outputs/access-om2-01/01deg_jra55v140_iaf_cycle4/output808,121.294,,,Andrew Kiss,2021-12-07T19:00:22,32414720,0,[],normal,57211.73,2.3555555555555556,232184.2709166667,9.55962962962963,1.3688888888888888,368667.47255369934,1.5878227715348463,13506.55999999959,12144,10461,1682,0.166,1330.96768,3185.16,1354.03,"[150, 100]",sectrobin,18,15,540,80,2,eda9669d0c34e7216f411aaf550a48c07cb37e6f,2021-12-07 16:40:03 +1100,"manifests/restart.yaml, run_summary_home_156_aek156_payu_01deg_jra55v140_iaf_cycle4.csv","['update run summary', '2021-12-07 16:40:03: Run 808']","[0, 3, 0]",x,x,x,5235840,True
,809,1973-04-01T00:00:00,1973-07-01T00:00:00,"[0, 3, 0, 0]",91.0,/scratch/v45/hh0162/access-om2/control/01deg_jra55v140_iaf_cycle4,/g/data/ik11/outputs/access-om2-01/01deg_jra55v140_iaf_cycle4/output809,121.269,,,Andrew Kiss,2021-12-07T21:08:57,32423425,0,[],normal,51895.36,2.1366666666666667,208294.28835164834,8.576016483516483,0.006388888888888999,581174.2195722618,2.790159174173355,13557.759999999776,12144,10461,1682,0.096,724.797955,3227.8,650.04,"[150, 100]",sectrobin,18,15,540,80,2,5fef418c84973b1585f64073c39cb5186347c2d0,2021-12-07 19:49:09 +1100,"manifests/restart.yaml, run_summary_home_156_aek156_payu_01deg_jra55v140_iaf_cycle4.csv","['2021-12-07 19:01:35: Run 809', 'update run summary']","[0, 3, 0]",x,x,x,5242320,True
,810,1973-07-01T00:00:00,1973-10-01T00:00:00,"[0, 3, 0, 0]",92.0,/scratch/v45/hh0162/access-om2/control/01deg_jra55v140_iaf_cycle4,/g/data/ik11/outputs/access-om2-01/01deg_jra55v140_iaf_cycle4/output810,122.291,,,Andrew Kiss,2021-12-07T23:15:25,32427719,0,[],normal,50890.11,2.0952777777777776,202039.26823369568,8.318480525362318,0.012500000000000178,579455.127042699,2.868032200415873,13465.599999999627,12144,10461,1682,0.044,325.839271,3279.74,318.36,"[150, 100]",sectrobin,18,15,540,80,2,e3c3c518fd6b5ddeb2b3bb9341b5ccac387b2994,2021-12-07 22:07:52 +1100,"manifests/restart.yaml, run_summary_home_156_aek156_payu_01deg_jra55v140_iaf_cycle4.csv","['2021-12-07 21:10:27: Run 810', 'update run summary']","[0, 3, 0]",x,x,x,5248800,True
,811,1973-10-01T00:00:00,1974-01-01T00:00:00,"[0, 3, 0, 0]",92.0,/scratch/v45/hh0162/access-om2/control/01deg_jra55v140_iaf_cycle4,/g/data/ik11/outputs/access-om2-01/01deg_jra55v140_iaf_cycle4/output811,122.702,/scratch/v45/hh0162/access-om2/archive/01deg_jra55v140_iaf_cycle4/restart811,0.0,Andrew Kiss,2021-12-08T02:03:43,32434474,0,[],normal,67979.41,2.798888888888889,269885.6467663044,11.11189311594203,0.006111111111111178,581642.0106951871,2.1551424377852686,13445.120000000112,12144,10461,1682,0.319,3187.667026,3105.5,3123.16,"[150, 100]",sectrobin,18,15,540,80,2,1d53cc78e8aafe4f87a5898ca7a41534ae22d250,2021-12-07 23:59:17 +1100,"manifests/restart.yaml, run_summary_home_156_aek156_payu_01deg_jra55v140_iaf_cycle4.csv","['2021-12-07 23:16:36: Run 811', 'update run summary']","[0, 3, 0]",x,x,x,5255280,True
,812,1974-01-01T00:00:00,1974-04-01T00:00:00,"[0, 3, 0, 0]",90.0,/scratch/v45/hh0162/access-om2/control/01deg_jra55v140_iaf_cycle4,/g/data/ik11/outputs/access-om2-01/01deg_jra55v140_iaf_cycle4/output812,121.551,,,Andrew Kiss,2021-12-08T09:18:24,32451140,1,[32440471],normal,47968.8,1.975,194673.38000000003,8.015208333333334,5.269722222222223,158908.94981020666,0.8162849476913929,13537.28000000026,12144,10461,1682,0.043,303.143355,3177.04,322.37,"[150, 100]",sectrobin,18,15,540,80,2,6c12a5863ba0d2ca38b95fdad730984c348b83f8,2021-12-08 07:18:00 +1100,"manifests/restart.yaml, resub.sh, run_summary_home_156_aek156_payu_01deg_jra55v140_iaf_cycle4.csv","['2021-12-08 02:04:51: Run 812', 'update run summary', 'add MPI_ERRORS_ARE_FATAL to resub.sh', 'update run summary']","[0, 3, 0]",x,x,x,5261760,True
,813,1974-04-01T00:00:00,1974-07-01T00:00:00,"[0, 3, 0, 0]",91.0,/scratch/v45/hh0162/access-om2/control/01deg_jra55v140_iaf_cycle4,/g/data/ik11/outputs/access-om2-01/01deg_jra55v140_iaf_cycle4/output813,121.344,,,Andrew Kiss,2021-12-08T11:23:39,32455720,0,[],normal,48576.0,2.0,194971.25274725273,8.027472527472527,0.08749999999999991,558478.5628742515,2.8644149073516214,13670.400000000373,12144,10461,1682,0.042,302.804938,3319.13,319.78,"[150, 100]",sectrobin,18,15,540,80,2,19fc4da886220e6c1d5be35f84f9b6d2bfb29b59,2021-12-08 10:02:08 +1100,"manifests/restart.yaml, run_summary_home_156_aek156_payu_01deg_jra55v140_iaf_cycle4.csv","['2021-12-08 09:24:27: Run 813', 'update run summary']","[0, 3, 0]",x,x,x,5268240,True
,814,1974-07-01T00:00:00,1974-10-01T00:00:00,"[0, 3, 0, 0]",92.0,/scratch/v45/hh0162/access-om2/control/01deg_jra55v140_iaf_cycle4,/g/data/ik11/outputs/access-om2-01/01deg_jra55v140_iaf_cycle4/output814,122.094,,,Andrew Kiss,2021-12-08T13:27:34,32459743,0,[],normal,49999.55,2.058611111111111,198503.64823369568,8.172909873188406,0.006666666666666821,581030.4129119032,2.927051558406946,13475.839999999851,12144,10461,1682,0.042,307.151643,3254.67,331.66,"[150, 100]",sectrobin,18,15,540,80,2,0a3c560da5e978d082034d9c599f4e1f7b404961,2021-12-08 12:09:47 +1100,"manifests/restart.yaml, run_summary_home_156_aek156_payu_01deg_jra55v140_iaf_cycle4.csv","['2021-12-08 11:24:55: Run 814', 'update run summary']","[0, 3, 0]",x,x,x,5274720,True
,815,1974-10-01T00:00:00,1975-01-01T00:00:00,"[0, 3, 0, 0]",92.0,/scratch/v45/hh0162/access-om2/control/01deg_jra55v140_iaf_cycle4,/g/data/ik11/outputs/access-om2-01/01deg_jra55v140_iaf_cycle4/output815,122.44,/scratch/v45/hh0162/access-om2/archive/01deg_jra55v140_iaf_cycle4/restart815,0.0,Andrew Kiss,2021-12-08T15:35:11,32467345,0,[],normal,51443.33,2.1180555555555554,204235.61176630438,8.408910778985508,0.008888888888888946,580475.8667885596,2.842187323593528,13475.839999999851,12144,10461,1682,0.091,701.922137,3130.84,470.59,"[150, 100]",sectrobin,18,15,540,80,2,990cf9ff5e1e9bcf12b4f02896e72d5a36f848a0,2021-12-08 14:41:36 +1100,"manifests/restart.yaml, run_summary_home_156_aek156_payu_01deg_jra55v140_iaf_cycle4.csv","['2021-12-08 13:28:56: Run 815', 'update run summary']","[0, 3, 0]",x,x,x,5281200,True
,816,1975-01-01T00:00:00,1975-04-01T00:00:00,"[0, 3, 0, 0]",90.0,/scratch/v45/hh0162/access-om2/control/01deg_jra55v140_iaf_cycle4,/g/data/ik11/outputs/access-om2-01/01deg_jra55v140_iaf_cycle4/output816,121.382,,,Andrew Kiss,2021-12-08T17:47:42,32471479,0,[],normal,53345.89,2.196388888888889,216495.40358333333,8.913678240740742,0.012222222222222356,579686.1899132184,2.677591211261378,13445.120000000112,12144,10461,1682,0.14,1097.618556,3235.74,1006.32,"[150, 100]",sectrobin,18,15,540,80,2,5bbc32014f4f17bafb6e02b0614127b56de24dd6,2021-12-08 16:23:01 +1100,"ice/cice_in.nml, manifests/restart.yaml, run_summary_home_156_aek156_payu_01deg_jra55v140_iaf_cycle4.csv","['2021-12-08 15:37:12: Run 816', 'update run summary', 'enable monthly meltl (lateral melt) output from April 1975 (output817) onwards']","[0, 3, 0]",x,x,x,5287680,True
,817,1975-04-01T00:00:00,1975-07-01T00:00:00,"[0, 3, 0, 0]",91.0,/scratch/v45/hh0162/access-om2/control/01deg_jra55v140_iaf_cycle4,/g/data/ik11/outputs/access-om2-01/01deg_jra55v140_iaf_cycle4/output817,121.376,,,Andrew Kiss,2021-12-08T19:54:16,32477139,0,[],normal,50815.89,2.0922222222222224,203961.58046703297,8.397628205128205,0.017222222222221806,578152.8701606533,2.8346165431587353,13619.200000000186,12144,10461,1682,0.093,690.406857,3232.43,713.62,"[150, 100]",sectrobin,18,15,540,80,2,6048c64ba3ed43774e7f0db7cef68ccc59edc95b,2021-12-08 18:34:37 +1100,"manifests/restart.yaml, run_summary_home_156_aek156_payu_01deg_jra55v140_iaf_cycle4.csv","['2021-12-08 17:49:32: Run 817', 'update run summary']","[0, 3, 0]",m,x,x,5294160,True
,818,1975-07-01T00:00:00,1975-10-01T00:00:00,"[0, 3, 0, 0]",92.0,/scratch/v45/hh0162/access-om2/control/01deg_jra55v140_iaf_cycle4,/g/data/ik11/outputs/access-om2-01/01deg_jra55v140_iaf_cycle4/output818,122.205,,,Andrew Kiss,2021-12-08T22:01:08,32484311,0,[],normal,51173.47,2.1069444444444443,203164.23823369568,8.364798460144927,0.007500000000000284,580844.4308985812,2.8589895345186083,13465.599999999627,12144,10461,1682,0.055,410.872997,3212.67,426.88,"[150, 100]",sectrobin,18,15,540,80,2,619f363de2e5f4e89ea97401ae143fee4641fadf,2021-12-08 20:45:58 +1100,"manifests/restart.yaml, run_summary_home_156_aek156_payu_01deg_jra55v140_iaf_cycle4.csv","['2021-12-08 19:55:43: Run 818', 'update run summary']","[0, 3, 0]",m,x,x,5300640,True
,819,1975-10-01T00:00:00,1976-01-01T00:00:00,"[0, 3, 0, 0]",92.0,/scratch/v45/hh0162/access-om2/control/01deg_jra55v140_iaf_cycle4,/g/data/ik11/outputs/access-om2-01/01deg_jra55v140_iaf_cycle4/output819,122.563,/scratch/v45/hh0162/access-om2/archive/01deg_jra55v140_iaf_cycle4/restart819,0.0,Andrew Kiss,2021-12-09T00:09:15,32489143,0,[],normal,51618.75,2.125277777777778,204932.04823369568,8.437583786231885,0.009999999999999787,580182.1256667101,2.831095139424437,13455.360000000335,12144,10461,1682,0.093,709.392838,3105.67,689.83,"[150, 100]",sectrobin,18,15,540,80,2,c25b1648a88efc56c4a850f551ebfd98ea235a62,2021-12-08 22:45:31 +1100,"manifests/restart.yaml, run_summary_home_156_aek156_payu_01deg_jra55v140_iaf_cycle4.csv","['2021-12-08 22:02:31: Run 819', 'update run summary']","[0, 3, 0]",m,x,x,5307120,True
,820,1976-01-01T00:00:00,1976-04-01T00:00:00,"[0, 3, 0, 0]",91.0,/scratch/v45/hh0162/access-om2/control/01deg_jra55v140_iaf_cycle4,/g/data/ik11/outputs/access-om2-01/01deg_jra55v140_iaf_cycle4/output820,121.831,,,Andrew Kiss,2021-12-09T02:09:59,32492824,0,[],normal,48717.68,2.0058333333333334,195539.9189010989,8.05088598901099,0.006388888888888999,581061.2302595251,2.9715734440567965,13486.080000000075,12144,10461,1682,0.062,446.100726,3209.06,465.53,"[150, 100]",sectrobin,18,15,540,80,2,22ac44878c204fe8248cec13917a73bfe300c526,2021-12-09 00:57:52 +1100,"manifests/restart.yaml, run_summary_home_156_aek156_payu_01deg_jra55v140_iaf_cycle4.csv","['2021-12-09 00:10:34: Run 820', 'update run summary']","[0, 3, 0]",m,x,x,5313600,True
,821,1976-04-01T00:00:00,1976-07-01T00:00:00,"[0, 3, 0, 0]",91.0,/scratch/v45/hh0162/access-om2/control/01deg_jra55v140_iaf_cycle4,/g/data/ik11/outputs/access-om2-01/01deg_jra55v140_iaf_cycle4/output821,121.192,,,Andrew Kiss,2021-12-09T04:12:21,32497394,0,[],normal,49345.12,2.0316666666666667,198058.29758241758,8.154574175824175,0.007777777777777661,580688.9632252792,2.9319092929375423,13649.919999999925,12144,10461,1682,0.055,398.691645,3270.03,439.28,"[150, 100]",sectrobin,18,15,540,80,2,43b3ea19661e0284bf9663b24b69a80fab007657,2021-12-09 02:53:54 +1100,"manifests/restart.yaml, run_summary_home_156_aek156_payu_01deg_jra55v140_iaf_cycle4.csv","['2021-12-09 02:11:18: Run 821', 'update run summary']","[0, 3, 0]",m,x,x,5320080,True
,822,1976-07-01T00:00:00,1976-10-01T00:00:00,"[0, 3, 0, 0]",92.0,/scratch/v45/hh0162/access-om2/control/01deg_jra55v140_iaf_cycle4,/g/data/ik11/outputs/access-om2-01/01deg_jra55v140_iaf_cycle4/output822,121.937,,,Andrew Kiss,2021-12-09T06:15:14,32500075,0,[],normal,49547.52,2.04,196709.04,8.099021739130436,0.008055555555555483,580619.2496948325,2.9516653108308213,13516.799999999814,12144,10461,1682,0.045,330.757728,3244.44,351.31,"[150, 100]",sectrobin,18,15,540,80,2,561895050ebcdddc255f8ada0dcdebc917572d64,2021-12-09 04:57:02 +1100,"manifests/restart.yaml, run_summary_home_156_aek156_payu_01deg_jra55v140_iaf_cycle4.csv","['2021-12-09 04:13:48: Run 822', 'update run summary']","[0, 3, 0]",m,x,x,5326560,True
,823,1976-10-01T00:00:00,1977-01-01T00:00:00,"[0, 3, 0, 0]",92.0,/scratch/v45/hh0162/access-om2/control/01deg_jra55v140_iaf_cycle4,/g/data/ik11/outputs/access-om2-01/01deg_jra55v140_iaf_cycle4/output823,122.243,/scratch/v45/hh0162/access-om2/archive/01deg_jra55v140_iaf_cycle4/restart823,0.0,Andrew Kiss,2021-12-09T08:16:32,32501944,0,[],normal,48933.57,2.0147222222222223,194271.59176630437,7.998666213768117,0.006944444444444198,580909.6521022259,2.9901935060120426,13424.639999999665,12144,10461,1682,0.046,329.955929,3145.49,347.98,"[150, 100]",sectrobin,18,15,540,80,2,e4b9c9e63f1dc448a88dff4cd98cda348972a7e8,2021-12-09 06:58:13 +1100,"manifests/restart.yaml, run_summary_home_156_aek156_payu_01deg_jra55v140_iaf_cycle4.csv","['2021-12-09 06:16:34: Run 823', 'update run summary']","[0, 3, 0]",m,x,x,5333040,True
,824,1977-01-01T00:00:00,1977-04-01T00:00:00,"[0, 3, 0, 0]",90.0,/scratch/v45/hh0162/access-om2/control/01deg_jra55v140_iaf_cycle4,/g/data/ik11/outputs/access-om2-01/01deg_jra55v140_iaf_cycle4/output824,121.321,/scratch/v45/hh0162/access-om2/archive/01deg_jra55v140_iaf_cycle4/restart824,0.0,Andrew Kiss,2021-12-09T10:13:59,32506277,0,[],normal,47368.35,1.9502777777777778,192236.55375,7.914877314814815,0.007222222222222241,580761.3793103448,3.0210767306285256,13445.120000000112,12144,10461,1682,0.05,350.02043,3172.97,366.96,"[150, 100]",sectrobin,18,15,540,80,2,132b25d93fb67b1ff575f086c8083b0a2f588e8c,2021-12-09 08:59:28 +1100,"manifests/restart.yaml, run_summary_home_156_aek156_payu_01deg_jra55v140_iaf_cycle4.csv","['2021-12-09 08:17:42: Run 824', 'update run summary']","[0, 3, 0]",m,x,x,5339520,True
,825,1977-04-01T00:00:00,1977-07-01T00:00:00,"[0, 3, 0, 0]",91.0,/scratch/v45/hh0162/access-om2/control/01deg_jra55v140_iaf_cycle4,/g/data/ik11/outputs/access-om2-01/01deg_jra55v140_iaf_cycle4/output825,121.221,/scratch/v45/hh0162/access-om2/archive/01deg_jra55v140_iaf_cycle4/restart825,70.731,hakase hayashida,2021-12-09T14:10:43,32512179,7,"[32509277, 32511040, 32511103, 32511362, 32511500, 32511598, 32511873]",normal,48265.65,1.9872222222222222,193725.5896978022,7.976185897435897,1.9583333333333333,293589.9859194593,1.5154940881968062,13332.480000000447,12144,10461,1682,0.046,323.439158,3266.51,343.54,"[150, 100]",sectrobin,18,15,540,80,2,bcc0c27323a7a4af48a62b4a955040e237da6d23,2021-12-09 12:12:27 +1100,"config.yaml, lastdate.txt, manifests/restart.yaml, resubmit.log, run_summary_home_156_aek156_payu_01deg_jra55v140_iaf_cycle4.csv","['2021-12-09 10:15:28: Run 825', 'update run summary', 'add lastdate.txt and resubmit.log', 'update run summary', '2021-12-09 11:02:38: Run 0', '2021-12-09 11:06:14: Run 0', '2021-12-09 11:14:52: Run 0', '2021-12-09 11:16:45: Run 0', ""Merge branch '01deg_jra55v140_iaf_cycle4' of https://github.com/COSIMA/01deg_jra55_iaf into 01deg_jra55v140_iaf_cycle4"", '2021-12-09 11:31:33: Run 0', '2021-12-09 11:33:57: Run 0', '2021-12-09 12:12:27: Run 825']","[0, 3, 0]",m,x,x,5346000,True
,826,1977-07-01T00:00:00,1977-10-01T00:00:00,"[0, 3, 0, 0]",92.0,/scratch/v45/hh0162/access-om2/control/01deg_jra55v140_iaf_cycle4,/g/data/ik11/outputs/access-om2-01/01deg_jra55v140_iaf_cycle4/output826,122.072,/scratch/v45/hh0162/access-om2/archive/01deg_jra55v140_iaf_cycle4/restart826,70.765,hakase hayashida,2021-12-09T16:13:11,32516497,0,[],normal,49311.39,2.0302777777777776,195771.57823369568,8.060423460144928,0.010833333333333695,579818.1948829612,2.96170772138754,13455.360000000335,12144,10461,1682,0.051,371.876709,3211.15,338.18,"[150, 100]",sectrobin,18,15,540,80,2,2e88c178c09d003f76fd10e72955a65eb4b2743f,2021-12-09 14:12:13 +1100,manifests/restart.yaml,['2021-12-09 14:12:13: Run 826'],"[0, 3, 0]",m,x,x,5352480,True
,827,1977-10-01T00:00:00,1978-01-01T00:00:00,"[0, 3, 0, 0]",92.0,/scratch/v45/hh0162/access-om2/control/01deg_jra55v140_iaf_cycle4,/g/data/ik11/outputs/access-om2-01/01deg_jra55v140_iaf_cycle4/output827,122.38,/scratch/v45/hh0162/access-om2/archive/01deg_jra55v140_iaf_cycle4/restart827,70.833,hakase hayashida,2021-12-09T18:30:33,32521201,0,[],normal,52630.75,2.1669444444444443,208949.79823369568,8.603004981884059,0.12250000000000005,551722.4945401602,2.640454784852663,13516.799999999814,12144,10461,1682,0.079,581.120364,3137.95,602.47,"[150, 100]",sectrobin,18,15,540,80,2,70594b1a0bc46bff3687727cd0bb455032aed162,2021-12-09 17:32:52 +1100,"manifests/restart.yaml, run_summary_scratch_v45_hh0162_access-om2_control_01deg_jra55v140_iaf_cycle4.csv","['2021-12-09 16:21:35: Run 827', 'update run summary']","[0, 3, 0]",m,x,x,5358960,True
,828,1978-01-01T00:00:00,1978-04-01T00:00:00,"[0, 3, 0, 0]",90.0,/scratch/v45/hh0162/access-om2/control/01deg_jra55v140_iaf_cycle4,/g/data/ik11/outputs/access-om2-01/01deg_jra55v140_iaf_cycle4/output828,121.372,/scratch/v45/hh0162/access-om2/archive/01deg_jra55v140_iaf_cycle4/restart828,70.749,hakase hayashida,2021-12-09T21:56:33,32528210,0,[],normal,83051.47,3.4194444444444443,337050.54908333335,13.877245370370371,0.01388888888888884,580553.9650485438,1.7224536990889336,13434.879999999888,12144,10461,1682,0.443,5271.33685,3178.99,5248.33,"[150, 100]",sectrobin,18,15,540,80,2,b1269b6c2f1fa8b8b093f35cd325e0b6a6cb4eb8,2021-12-09 19:23:13 +1100,"manifests/restart.yaml, run_summary_scratch_v45_hh0162_access-om2_control_01deg_jra55v140_iaf_cycle4.csv","['2021-12-09 18:32:14: Run 828', 'update run summary']","[0, 3, 0]",m,x,x,5365440,True
,829,1978-04-01T00:00:00,1978-07-01T00:00:00,"[0, 3, 0, 0]",91.0,/scratch/v45/hh0162/access-om2/control/01deg_jra55v140_iaf_cycle4,/g/data/ik11/outputs/access-om2-01/01deg_jra55v140_iaf_cycle4/output829,121.144,/scratch/v45/hh0162/access-om2/archive/01deg_jra55v140_iaf_cycle4/restart829,70.747,hakase hayashida,2021-12-09T23:55:12,32616913,0,[],normal,47766.4,1.9666666666666666,191721.73186813187,7.893681318681318,0.010833333333333472,579718.6346396966,3.0237502498591704,13598.71999999974,12144,10461,1682,0.04,283.296695,3239.93,303.03,"[150, 100]",sectrobin,18,15,540,80,2,8c97be75f129fa45730eb47246f91af5554bd161,2021-12-09 22:44:11 +1100,"manifests/restart.yaml, run_summary_scratch_v45_hh0162_access-om2_control_01deg_jra55v140_iaf_cycle4.csv","['2021-12-09 21:58:01: Run 829', 'update run summary']","[0, 3, 0]",m,x,x,5371920,True
,830,1978-07-01T00:00:00,1978-10-01T00:00:00,"[0, 3, 0, 0]",92.0,/scratch/v45/hh0162/access-om2/control/01deg_jra55v140_iaf_cycle4,/g/data/ik11/outputs/access-om2-01/01deg_jra55v140_iaf_cycle4/output830,122.086,/scratch/v45/hh0162/access-om2/archive/01deg_jra55v140_iaf_cycle4/restart830,70.755,hakase hayashida,2021-12-10T02:05:37,32620000,0,[],normal,52630.75,2.1669444444444443,208949.79823369568,8.603004981884059,0.006666666666666821,581124.1916932907,2.78116656060775,13496.320000000298,12144,10461,1682,0.04,308.301744,3745.45,333.98,"[150, 100]",sectrobin,18,15,540,80,2,d6e78a8e9511aa101561f8d9f0ef08f083c1ea43,2021-12-10 00:41:13 +1100,"manifests/restart.yaml, run_summary_scratch_v45_hh0162_access-om2_control_01deg_jra55v140_iaf_cycle4.csv","['2021-12-09 23:56:25: Run 830', 'update run summary']","[0, 3, 0]",m,x,x,5378400,True
,,,,,,,,,,,,,,,,,,,,,,,,,,,,,,,,,,,,,,,,,,,,,,,,
,Run,Run start,Run end,"Run length (y, m, d, s)",Run length (days),Control directory,Output directory,Output GiB,Restart directory,Restart GiB,Run by,Run completion date,Job Id,Failed jobs,Failed jobids,Queue,Service Units,Walltime Used (hr),SU per model year,Walltime (hr) per model year,Wait (hr) between runs,SU per calendar day,Model years per calendar day,Memory Used (Gb),NCPUs Used,MOM NCPUs,CICE NCPUs,Fraction of MOM runtime in oasis_recv,Max MOM wait for oasis_recv (s),Max CICE wait for coupler (s),Max CICE I/O time (s),MOM tile layout,CICE tile distribution,CICE block_size_x,CICE block_size_y,Timestep (s),MOM barotropic split,CICE dynamic split (ndtd),Git hash of run,Commit date,Git-tracked file changes,Git log messages,accessom2.nml -> date_manager_nml -> restart_period,ice/cice_in.nml -> icefields_nml -> f_meltl,ice/cice_in.nml -> icefields_nml -> f_sinz,ice/cice_in.nml -> icefields_nml -> f_tinz,ice/cice_in.nml -> setup_nml -> istep0,ice/cice_in.nml -> setup_nml -> use_restart_time
Total,76573,,,,7547.0,,,10180.368,,424.58,,,3157888557,28,,,4327642.590000001,178.18027777777775,20723935.666623775,853.2582149593626,71.01361111111112,50370535.62526065,239.9921563997649,1299558.3999999939,1190112,1025178,164836,7.928000000000001,57614.023585999996,263312.77999999997,54454.01000000002,,,1764,1470,52920,7840,196,,,,,,,,,496193040,97
Mean,781.3571428571429,,,0.6326530612244898,77.01020408163265,,,103.88130612244896,,16.33,,,32223352.62244898,0.2857142857142857,"[319957.55102041 320178.17346939 320271.43877551 323179.76530612
 323314.78571429 323357.52040816 323362.23469388 323379.18367347
 324496.09183673 324518.1122449  324651.30612245 324836.64285714
 325463.20408163 326543.7755102  326773.20408163 327067.5
 327177.42857143 327440.13265306 327539.71428571 330587.81632653
 331025.21428571 331727.31632653 331745.30612245 331745.94897959
 331748.59183673 331750.         331751.         331753.80612245]",,44159.61826530613,1.818166099773243,211468.7312920793,8.706716479177171,0.7320990836197021,519283.8724253676,2.4741459422656167,13260.799999999937,12144.0,10461.0,1682.0,0.08089795918367348,587.8981998571428,2686.8651020408165,555.6531632653061,125.0,,18.0,15.0,540.0,80.0,2.0,,,,,0.8435374149659864,,,,5063194.285714285,0.9897959183673469
Median,781.5,,,0.0,91.0,,,121.5755,,0.0,,,32204858.0,0.0,[],,49122.479999999996,2.0225,205408.51024184783,8.457201514694043,0.025277777777777843,571305.9873417722,2.640454784852663,13465.599999999627,12144.0,10461.0,1682.0,0.052,317.04627600000003,3169.935,333.94500000000005,125.0,,18.0,15.0,540.0,80.0,2.0,,,,,0.0,,,,5064120.0,1.0
Min,732,1958-01-01T00:00:00,1958-02-01T00:00:00,"[0, 1, 0, 0]",28.0,/scratch/v45/hh0162/access-om2/control/01deg_jra55v140_iaf_cycle4,/g/data/ik11/outputs/access-om2-01/01deg_jra55v140_iaf_cycle4/output732,41.433,/scratch/v45/hh0162/access-om2/archive/01deg_jra55v140_iaf_cycle4/restart743,0.0,Andrew Kiss,2021-11-29T17:41:15,31951127,0,[],normal,16961.12,0.6983333333333334,189772.01934065932,7.813406593406594,0.0019444444444445264,57242.44498675944,0.2794288128764141,12390.400000000373,12144,10461,1682,0.039,100.896579,916.46,114.42,"[150, 100]",sectrobin,18,15,540,80,2,07e53e1c04324af0f7226a338a2802273405d743,2021-11-29 17:22:09 +1100,,"['2021-11-29 19:51:23: Run 734', 'update run summary']","[0, 1, 0]",m,md,md,4743360,False
Max,830,1978-07-01T00:00:00,1978-10-01T00:00:00,"[0, 3, 0, 0]",92.0,/scratch/v45/hh0162/access-om2/control/01deg_jra55v140_iaf_cycle4,/g/data/ik11/outputs/access-om2-01/01deg_jra55v140_iaf_cycle4/output830,122.702,/scratch/v45/hh0162/access-om2/archive/01deg_jra55v140_iaf_cycle4/restart830,70.833,hakase hayashida,2021-12-10T02:05:37,32620000,13,"[32509277, 32511040, 32511103, 32511362, 32511500, 32511598, 32511873]",normal,83051.47,3.4194444444444443,337050.54908333335,13.877245370370371,19.2975,582338.0658227848,3.0646466441838602,13690.879999999888,12144,10461,1682,0.443,5271.33685,3745.45,5248.33,"[150, 100]",sectrobin,18,15,540,80,2,ff5f9365a691b6df06b4f31304ac944bb46b71c9,2021-12-10 00:41:13 +1100,"ocean/make_diag_table.py, run_summary_home_156_aek156_payu_01deg_jra55v140_iaf_cycle4.csv, set_nextdate.sh","['update run summary', 'update set_nextdate.sh https://github.com/COSIMA/access-om2/issues/241', ""enable ./make_diag_table.py https://github.com/COSIMA/make_diag_table/issues/4.\nNote that set_nextdate.sh will generate diag_table based on diag_table_source.yaml at ever single start of the run. so make sure diag_table_source.yaml is up to date (and don't just replace diag_table).""]","[0, 3, 0]",x,x,x,5378400,True
Std dev,28.502148146755392,,,1.1748882283099278,25.828514103112422,,,31.606665814126625,,29.814368702923193,,,191292.9782744588,1.4914723584157934,,,15207.312885574465,0.6261245598967121,22910.689362410605,0.9432925132094977,2.660300550677118,125292.3812280114,0.633681244430648,449.81132603417564,0.0,0.0,0.0,0.06501247757725458,710.4172206133028,943.6166890185746,671.696872485901,25.0,,0.0,0.0,0.0,0.0,0.0,,,,,1.289416259171741,,,,184693.91999097497,0.10049854899791943
SU correlation,0.6850896557956048,,,,0.9338695300800283,,,0.9326323082696495,,,,,0.6060449064072614,-0.12284031615672775,,,1.0,0.9999999999999836,0.09747820860220273,0.09747837850524714,,,,0.9055750279694217,nan,nan,nan,0.4912949654384475,0.6048833124737524,0.9273762964069866,0.5928984733570184,,,nan,nan,nan,nan,nan,,,,,,,,,0.6850896557956057,0.16709146864239618
SU slope,365.52938735392416,,,,549.8437146455918,,,448.72911943508683,,,,,0.048179052872608596,-1252.5013368283119,,,1.0,24287.999320906496,0.06470261956286345,1571.5000180209427,,,,30.61586490742905,1.8181661011736718,2.1106786284918337,13.127116012278877,114920.65118810177,12.948235945223665,14.94558295359769,13.42330590337666,,,1226.6560629251708,1471.9872755102042,40.888535430839,275.9976141581633,11039.904566326531,,,,,,,,,0.05640885607313644,25284.068969072086
Dimensionless SU slope,6.467650966031377,,,,0.9588755143548674,,,1.0555926172648962,,,,,35.156341261885174,-0.00810372776906993,,,1.0,0.9999999712697154,0.3098437307140964,0.30984427948916077,,,,9.193713109685069,0.5000000000000001,0.5000000000000001,0.5000000000000001,0.21052822724421674,0.17238021755054614,0.9093549003621433,0.16890323512033176,,,0.5000000000000001,0.49999999999999994,0.49999999999999983,0.49999999999999994,0.49999999999999994,,,,,,,,,6.467650966031377,0.5667184012993993
