,Run,Run start,Run end,"Run length (y, m, d, s)",Run length (days),Control directory,Output directory,Output GiB,Restart directory,Restart GiB,Run by,Run completion date,Job Id,Failed jobs,Failed jobids,Queue,Service Units,Walltime Used (hr),SU per model year,Walltime (hr) per model year,Wait (hr) between runs,SU per calendar day,Model years per calendar day,Memory Used (Gb),NCPUs Used,MOM NCPUs,CICE NCPUs,Fraction of MOM runtime in oasis_recv,Max MOM wait for oasis_recv (s),Max CICE wait for coupler (s),Max CICE I/O time (s),MOM tile layout,CICE tile distribution,CICE block_size_x,CICE block_size_y,Timestep (s),MOM barotropic split,CICE dynamic split (ndtd),Git hash of run,Commit date,Git-tracked file changes,Git log messages,accessom2.nml -> accessom2_nml -> ice_ocean_timestep,atmosphere/atm.nml -> runoff_nml -> num_runoff_caps,atmosphere/atm.nml -> runoff_nml -> runoff_caps,atmosphere/atm.nml -> runoff_nml -> runoff_caps_ie,atmosphere/atm.nml -> runoff_nml -> runoff_caps_is,atmosphere/atm.nml -> runoff_nml -> runoff_caps_je,atmosphere/atm.nml -> runoff_nml -> runoff_caps_js,ice/cice_in.nml -> setup_nml -> istep0
,992,2019-01-01T00:00:00,2019-04-01T00:00:00,"[0, 3, 0, 0]",90.0,/home/156/aek156/payu/01deg_jra55v140_iaf_cycle4_jra55v150_extension,/g/data/ik11/outputs/access-om2-01/01deg_jra55v140_iaf_cycle4_jra55v150_extension/output992,196.746,,,Andrew Kiss,2022-06-27T19:36:47,47573114,1,[47503451],normal,76230.59,3.138611111111111,309369.14441666665,12.737530092592593,,,,14817.28000000026,12144,10461,1682,0.034,379.959584,5374.15,407.2,"[150, 100]",sectrobin,18,15,360,80,2,0ad3f90e0b36cb04d46e1db915bcb46ef33f13a2,2022-06-27 14:58:33 +1000,,,360,4,"[0.03, 0.003, 0.003, 0.003]","[1000000, 3530, 240, 560]","[0, 3420, 180, 300]","[1000000, 2680, 99999, 2470]","[0, 2270, 2670, 2260]",6428160
,993,2019-04-01T00:00:00,2019-07-01T00:00:00,"[0, 3, 0, 0]",91.0,/home/156/aek156/payu/01deg_jra55v140_iaf_cycle4_jra55v150_extension,/g/data/ik11/outputs/access-om2-01/01deg_jra55v140_iaf_cycle4_jra55v150_extension/output993,198.806,,,Andrew Kiss,2022-06-29T18:55:28,48742607,10,"[47730210, 47754769, 47773739, 47972333, 48011071, 48051852, 48188828, 48599868, 48622618, 48733068]",normal,109916.69,4.525555555555556,441176.60464285716,18.164386446886446,42.785833333333336,55758.25656260825,0.12638534313882277,14919.679999999702,12144,10461,1682,0.032,518.990032,9738.71,565.25,"[150, 100]",sectrobin,18,15,360,80,2,2bd775b9dc06670bac0681bbb90f52736041d2b5,2022-06-29 14:24:59 +1000,"atmosphere/atm.nml, config.yaml, lastdate.txt, manifests/exe.yaml, manifests/input.yaml, manifests/restart.yaml, ocean/diag_table, ocean/diag_table_source.yaml, resubmit.log","['revert to timestep = 540s', '2022-06-27 20:36:06: Run 993', 'reduce timestep from 540s to 450s to avoid salinity out of range error at (i,j,k) = (2304,1271,  6),  (lon,lat,dpt) = (  -49.6500,    2.5492,    7.7403 m) just after 2019-04-24T15:00:00', 'reduce timestep to 400s to avoid salinity out of range error at (i,j,k) = (2304,1271,  6),  (lon,lat,dpt) = (  -49.6500,    2.5492,    7.7403 m) just after 2019-04-24T15:00:00', 'reduce timestep to 360s to avoid salinity out of range error at (i,j,k) = (2304,1271,  6),  (lon,lat,dpt) = (  -49.6500,    2.5492,    7.7403 m) just after 2019-04-24T15:00:00', 'reduce timestep to 270s to avoid salinity out of range error at (i,j,k) = (2304,1271,  6),  (lon,lat,dpt) = (  -49.6500,    2.5492,    7.7403 m) just after 2019-04-24T15:00:00', '1mo run with timestep reduced to 150s to avoid salinity out of range error at (i,j,k) = (2304,1271,  6),  (lon,lat,dpt) = (  -49.6500,    2.5492,    7.7403 m) just after 2019-04-24T15:00:00', 'switch to x77', '1mo run with timestep reduced to 60s to avoid salinity out of range error at (i,j,k) = (2304,1271,  6),  (lon,lat,dpt) = (  -49.6500,    2.5492,    7.7403 m) just after 2019-04-24T15:00:00', 'set dt=360s and 3mo run and apply runoff cap of 0.003 kg/m2/s at Amazon to avoid salinity out of range error at (i,j,k) = (2304,1271,  6),  (lon,lat,dpt) = (  -49.6500,    2.5492,    7.7403 m) just after 2019-04-24T15:00:00', 'set num_runoff_caps=5 to include Amazon', 'switch to v45', '2022-06-29 07:10:04: Run 993', 'run for 23 days (1987200 s) to view conditions before salinity out of range error', '3mo run with runoff cap of 0.001 kg/m2/s at Amazon to avoid salinity out of range error at (i,j,k) = (2304,1271,  6),  (lon,lat,dpt) = (  -49.6500,    2.5492,    7.7403 m) just after 2019-04-24T15:00:00', '2022-06-29 14:24:59: Run 993']",360,5,"[0.03, 0.003, 0.003, 0.003, 0.001, 0.0, 0.0, 0.0]","[1000000, 3530, 240, 560, 2360, -1, -1, -1]","[0, 3420, 180, 300, 2260, 0, 0, 0]","[1000000, 2680, 99999, 2470, 1320, -1, -1, -1]","[0, 2270, 2670, 2260, 1200, 0, 0, 0]",6434640
,994,2019-07-01T00:00:00,2019-10-01T00:00:00,"[0, 3, 0, 0]",92.0,/home/156/aek156/payu/01deg_jra55v140_iaf_cycle4_jra55v150_extension,/g/data/ik11/outputs/access-om2-01/01deg_jra55v140_iaf_cycle4_jra55v150_extension/output994,198.798,,,Andrew Kiss,2022-06-30T00:52:44,48842018,0,[],normal,61644.29,2.5380555555555557,244734.53176630437,10.076356431159422,3.4163888888888887,248463.6432170181,1.0152373734258093,14837.759999999776,12144,10461,1682,0.079,707.550799,3567.47,668.63,"[150, 100]",sectrobin,18,15,540,80,2,a932810d450fa9dffcc9b3465dfae13259dd8ca7,2022-06-29 22:22:25 +1000,"accessom2.nml, atmosphere/atm.nml, config.yaml, lastdate.txt, manifests/input.yaml, manifests/restart.yaml, ocean/diag_table, ocean/diag_table_source.yaml","['revert to Amazon runoff cap of 0.03kg/m2/s and dt=540s', 'reduce walltime limit to 3hr', '2022-06-29 22:22:25: Run 994']",540,5,"[0.03, 0.003, 0.003, 0.003, 0.03, 0.0, 0.0, 0.0]","[1000000, 3530, 240, 560, 2360, -1, -1, -1]","[0, 3420, 180, 300, 2260, 0, 0, 0]","[1000000, 2680, 99999, 2470, 1320, -1, -1, -1]","[0, 2270, 2670, 2260, 1200, 0, 0, 0]",6441120
,995,2019-10-01T00:00:00,2020-01-01T00:00:00,"[0, 3, 0, 0]",92.0,/home/156/aek156/payu/01deg_jra55v140_iaf_cycle4_jra55v150_extension,/g/data/ik11/outputs/access-om2-01/01deg_jra55v140_iaf_cycle4_jra55v150_extension/output995,199.026,/scratch/v45/aek156/access-om2/archive/01deg_jra55v140_iaf_cycle4_jra55v150_extension/restart995,70.746,Andrew Kiss,2022-06-30T03:17:50,48863760,0,[],normal,57272.45,2.3580555555555556,227377.85176630435,9.36173686594203,0.060277777777777874,568382.6878015161,2.4997275829032444,14776.320000000298,12144,10461,1682,0.047,389.664565,3920.65,388.95,"[150, 100]",sectrobin,18,15,540,80,2,01851472b3c4bf08cf3fe0529e0c0a85401c7a9f,2022-06-30 00:54:31 +1000,"lastdate.txt, manifests/restart.yaml, ocean/diag_table, ocean/diag_table_source.yaml",['2022-06-30 00:54:31: Run 995'],540,5,"[0.03, 0.003, 0.003, 0.003, 0.03, 0.0, 0.0, 0.0]","[1000000, 3530, 240, 560, 2360, -1, -1, -1]","[0, 3420, 180, 300, 2260, 0, 0, 0]","[1000000, 2680, 99999, 2470, 1320, -1, -1, -1]","[0, 2270, 2670, 2260, 1200, 0, 0, 0]",6447600
,996,2020-01-01T00:00:00,2020-04-01T00:00:00,"[0, 3, 0, 0]",91.0,/home/156/aek156/payu/01deg_jra55v140_iaf_cycle4_jra55v150_extension,/g/data/ik11/outputs/access-om2-01/01deg_jra55v140_iaf_cycle4_jra55v150_extension/output996,198.034,,,Andrew Kiss,2022-06-30T11:56:45,48922456,0,[],normal,56267.2,2.316666666666667,225841.70109890107,9.29848901098901,6.331944444444444,156142.15770033724,0.6913787707964489,14848.0,12144,10461,1682,0.044,367.774126,4052.27,394.85,"[150, 100]",sectrobin,18,15,540,80,2,8ac71a9a83d25af0475aea9ebf0813f4f3f21cd1,2022-06-30 09:38:38 +1000,"atmosphere/forcing.json, config.yaml, lastdate.txt, manifests/input.yaml, manifests/restart.yaml, metadata.yaml, ocean/diag_table, ocean/diag_table_source.yaml","['switch to JRA55-do v1.5.0.1 forcing for 2020-01-01 onwards', '2022-06-30 09:38:38: Run 996']",540,5,"[0.03, 0.003, 0.003, 0.003, 0.03, 0.0, 0.0, 0.0]","[1000000, 3530, 240, 560, 2360, -1, -1, -1]","[0, 3420, 180, 300, 2260, 0, 0, 0]","[1000000, 2680, 99999, 2470, 1320, -1, -1, -1]","[0, 2270, 2670, 2260, 1200, 0, 0, 0]",6454080
,997,2020-04-01T00:00:00,2020-07-01T00:00:00,"[0, 3, 0, 0]",91.0,/home/156/aek156/payu/01deg_jra55v140_iaf_cycle4_jra55v150_extension,/g/data/ik11/outputs/access-om2-01/01deg_jra55v140_iaf_cycle4_jra55v150_extension/output997,196.952,,,Andrew Kiss,2022-06-30T14:17:45,48939414,0,[],normal,56004.08,2.305833333333333,224785.6068131868,9.255006868131867,0.04416666666666691,571956.5617021277,2.544453667700642,14745.599999999627,12144,10461,1682,0.045,369.141575,4002.22,394.23,"[150, 100]",sectrobin,18,15,540,80,2,59e722436a5515df3e3d6834d5abaf4add589927,2022-06-30 12:00:21 +1000,"lastdate.txt, manifests/input.yaml, manifests/restart.yaml, ocean/diag_table, ocean/diag_table_source.yaml",['2022-06-30 12:00:21: Run 997'],540,5,"[0.03, 0.003, 0.003, 0.003, 0.03, 0.0, 0.0, 0.0]","[1000000, 3530, 240, 560, 2360, -1, -1, -1]","[0, 3420, 180, 300, 2260, 0, 0, 0]","[1000000, 2680, 99999, 2470, 1320, -1, -1, -1]","[0, 2270, 2670, 2260, 1200, 0, 0, 0]",6460560
,998,2020-07-01T00:00:00,2020-10-01T00:00:00,"[0, 3, 0, 0]",92.0,/home/156/aek156/payu/01deg_jra55v140_iaf_cycle4_jra55v150_extension,/g/data/ik11/outputs/access-om2-01/01deg_jra55v140_iaf_cycle4_jra55v150_extension/output998,198.495,,,Andrew Kiss,2022-06-30T23:56:01,49042576,3,"[48964347, 49008428, 49020248]",normal,58365.41,2.4030555555555555,231717.0217663044,9.540391757246377,7.2347222222222225,145341.5789716394,0.6272373857722978,14807.040000000037,12144,10461,1682,0.047,404.3341,3971.96,432.84,"[150, 100]",sectrobin,18,15,540,80,2,0add1d402653a1769ab95fc6e397748345db2c41,2022-06-30 21:32:25 +1000,"config.yaml, lastdate.txt, manifests/input.yaml, manifests/restart.yaml, ocean/diag_table, ocean/diag_table_source.yaml, resubmit.log","['2022-06-30 14:19:34: Run 998', 'use updated co2_iaf.nc which extrapolates beyond available obs', '2022-06-30 19:02:00: Run 998', '2022-06-30 19:51:51: Run 998', '2022-06-30 21:32:24: Run 998']",540,5,"[0.03, 0.003, 0.003, 0.003, 0.03, 0.0, 0.0, 0.0]","[1000000, 3530, 240, 560, 2360, -1, -1, -1]","[0, 3420, 180, 300, 2260, 0, 0, 0]","[1000000, 2680, 99999, 2470, 1320, -1, -1, -1]","[0, 2270, 2670, 2260, 1200, 0, 0, 0]",6467040
,1000,2021-01-01T00:00:00,2021-04-01T00:00:00,"[0, 3, 0, 0]",90.0,/home/156/aek156/payu/01deg_jra55v140_iaf_cycle4_jra55v150_extension,/g/data/ik11/outputs/access-om2-01/01deg_jra55v140_iaf_cycle4_jra55v150_extension/output1000,196.884,/scratch/v45/aek156/access-om2/archive/01deg_jra55v140_iaf_cycle4_jra55v150_extension/restart1000,70.66,Andrew Kiss,2022-07-01T12:12:55,49848571,1,[49641221],normal,55066.29,2.2672222222222222,223477.36025000003,9.201143518518519,10.014444444444443,107606.80906500205,0.4815110082946401,14694.400000000373,12144,10461,1682,0.044,354.54625,3919.52,378.29,"[150, 100]",sectrobin,18,15,540,80,2,c00eec48dcb5971f7e8a22c34b6102b9187bab06,2022-07-01 09:57:47 +1000,"config.yaml, lastdate.txt, manifests/restart.yaml, ocean/diag_table, ocean/diag_table_source.yaml","['2022-07-01 07:33:41: Run 999', '2022-07-01 09:57:46: Run 1000']",540,5,"[0.03, 0.003, 0.003, 0.003, 0.03, 0.0, 0.0, 0.0]","[1000000, 3530, 240, 560, 2360, -1, -1, -1]","[0, 3420, 180, 300, 2260, 0, 0, 0]","[1000000, 2680, 99999, 2470, 1320, -1, -1, -1]","[0, 2270, 2670, 2260, 1200, 0, 0, 0]",6480000
,1001,2021-04-01T00:00:00,2021-07-01T00:00:00,"[0, 3, 0, 0]",91.0,/home/156/aek156/payu/01deg_jra55v140_iaf_cycle4_jra55v150_extension,/g/data/ik11/outputs/access-om2-01/01deg_jra55v140_iaf_cycle4_jra55v150_extension/output1001,198.864,/scratch/v45/aek156/access-om2/archive/01deg_jra55v140_iaf_cycle4_jra55v150_extension/restart1001,70.623,Andrew Kiss,2022-07-01T16:12:32,49906043,0,[],normal,56530.32,2.3275,226897.79538461537,9.341971153846155,1.6661111111111109,339724.5355776588,1.4972579834977697,14950.400000000373,12144,10461,1682,0.046,378.469585,3822.35,402.26,"[150, 100]",sectrobin,18,15,540,80,2,5ecff5287af80761ab0bd87d63eed036837b530a,2022-07-01 13:54:05 +1000,manifests/restart.yaml,['2022-07-01 13:54:05: Run 1001'],540,5,"[0.03, 0.003, 0.003, 0.003, 0.03, 0.0, 0.0, 0.0]","[1000000, 3530, 240, 560, 2360, -1, -1, -1]","[0, 3420, 180, 300, 2260, 0, 0, 0]","[1000000, 2680, 99999, 2470, 1320, -1, -1, -1]","[0, 2270, 2670, 2260, 1200, 0, 0, 0]",6486480
,1002,2021-07-01T00:00:00,2021-10-01T00:00:00,"[0, 3, 0, 0]",92.0,/home/156/aek156/payu/01deg_jra55v140_iaf_cycle4_jra55v150_extension,/g/data/ik11/outputs/access-om2-01/01deg_jra55v140_iaf_cycle4_jra55v150_extension/output1002,199.986,/scratch/v45/aek156/access-om2/archive/01deg_jra55v140_iaf_cycle4_jra55v150_extension/restart1002,70.642,Andrew Kiss,2022-07-01T18:36:27,49929151,0,[],normal,58109.04,2.3925,230699.20500000002,9.498485054347828,0.006111111111111178,581426.8738853503,2.5202812202380596,14807.040000000037,12144,10461,1682,0.046,395.502605,4036.41,407.43,"[150, 100]",sectrobin,18,15,540,80,2,d7f217e3d9b602b26faad99cb0e63e5f370b5de6,2022-07-01 16:13:49 +1000,manifests/restart.yaml,['2022-07-01 16:13:49: Run 1002'],540,5,"[0.03, 0.003, 0.003, 0.003, 0.03, 0.0, 0.0, 0.0]","[1000000, 3530, 240, 560, 2360, -1, -1, -1]","[0, 3420, 180, 300, 2260, 0, 0, 0]","[1000000, 2680, 99999, 2470, 1320, -1, -1, -1]","[0, 2270, 2670, 2260, 1200, 0, 0, 0]",6492960
,1003,2021-10-01T00:00:00,2022-01-01T00:00:00,"[0, 3, 0, 0]",92.0,/home/156/aek156/payu/01deg_jra55v140_iaf_cycle4_jra55v150_extension,/g/data/ik11/outputs/access-om2-01/01deg_jra55v140_iaf_cycle4_jra55v150_extension/output1003,201.559,/scratch/v45/aek156/access-om2/archive/01deg_jra55v140_iaf_cycle4_jra55v150_extension/restart1003,70.752,Andrew Kiss,2022-07-01T21:05:32,49945975,0,[],normal,58021.33,2.388888888888889,230350.98676630438,9.484148550724639,0.09583333333333321,560429.6156512019,2.432937768223102,14766.080000000075,12144,10461,1682,0.046,392.174319,3861.36,416.76,"[150, 100]",sectrobin,18,15,540,80,2,db3190f9c46ff996bbfb610f04526b905bf88609,2022-07-01 18:43:04 +1000,manifests/restart.yaml,['2022-07-01 18:43:04: Run 1003'],540,5,"[0.03, 0.003, 0.003, 0.003, 0.03, 0.0, 0.0, 0.0]","[1000000, 3530, 240, 560, 2360, -1, -1, -1]","[0, 3420, 180, 300, 2260, 0, 0, 0]","[1000000, 2680, 99999, 2470, 1320, -1, -1, -1]","[0, 2270, 2670, 2260, 1200, 0, 0, 0]",6499440
,1004,2022-01-01T00:00:00,2022-04-01T00:00:00,"[0, 3, 0, 0]",90.0,/home/156/aek156/payu/01deg_jra55v140_iaf_cycle4_jra55v150_extension,/g/data/ik11/outputs/access-om2-01/01deg_jra55v140_iaf_cycle4_jra55v150_extension/output1004,198.139,/scratch/v45/aek156/access-om2/archive/01deg_jra55v140_iaf_cycle4_jra55v150_extension/restart1004,70.646,Andrew Kiss,2022-07-02T19:45:18,50084734,3,"[49964905, 49974646, 50066075]",normal,80946.51,3.332777777777778,328507.91975,13.52552314814815,19.33,85722.77675091315,0.260945845129547,14745.599999999627,12144,10461,1682,0.066,785.624587,4270.43,606.66,"[150, 100]",sectrobin,18,15,360,80,2,c1702dde48c5a69c36425082eb9cd5314a64f14d,2022-07-02 16:21:09 +1000,"accessom2.nml, atmosphere/forcing.json, config.yaml, manifests/restart.yaml, resubmit.log","['2022-07-01 21:07:48: Run 1004', 'use most recent 2022 JRA55-do data', 'reduce timestep to 360s to avoid temperature out of range error at (i,j,k) = (2441,2101, 41),  (lon,lat,dpt) = (  -35.9500,   64.6754,  551.6790 m) just after 2022-02-07T09:00:00', 'increase walltime limit to 5hr']",360,5,"[0.03, 0.003, 0.003, 0.003, 0.03, 0.0, 0.0, 0.0]","[1000000, 3530, 240, 560, 2360, -1, -1, -1]","[0, 3420, 180, 300, 2260, 0, 0, 0]","[1000000, 2680, 99999, 2470, 1320, -1, -1, -1]","[0, 2270, 2670, 2260, 1200, 0, 0, 0]",6505920
,1005,2022-04-01T00:00:00,2022-07-01T00:00:00,"[0, 3, 0, 0]",91.0,/home/156/aek156/payu/01deg_jra55v140_iaf_cycle4_jra55v150_extension,/g/data/ik11/outputs/access-om2-01/01deg_jra55v140_iaf_cycle4_jra55v150_extension/output1005,563.769,/scratch/v45/aek156/access-om2/archive/01deg_jra55v140_iaf_cycle4_jra55v150_extension/restart1005,70.646,Andrew Kiss,2022-11-23T23:26:38,64599435,0,[],normal,61522.85,2.5330555555555554,246936.49409340657,10.16701694139194,3457.1558333333332,426.78646763357017,0.0017283248035105466,15083.519999999553,12144,10461,1682,0.052,466.696283,4738.22,491.39,"[150, 100]",sectrobin,18,15,540,80,2,487158bfb9122b72f2c2d1c4c2b896abc27f15f1,2022-11-23 20:55:33 +1100,"accessom2.nml, atmosphere/forcing.json, concat_ice_6hourlies-ALL.sh, concat_ice_6hourlies.sh, concat_ice_6hourlies_fix.sh, config.yaml, manifests/input.yaml, manifests/restart.yaml, metadata.yaml, ocean/diag_table, ocean/diag_table_source.yaml, qsub_loop.sh, reduce_sigfig.sh, run_summary_home_156_aek156_payu_01deg_jra55v140_iaf_cycle4.csv, run_summary_home_156_aek156_payu_01deg_jra55v140_iaf_cycle4_jra55v150_extension.csv, run_summary_scratch_v45_hh0162_access-om2_control_01deg_jra55v140_iaf_cycle4.csv, sync_data.sh, sync_dirs.sh","['add concat_ice_6hourlies*.sh from origin/01deg_jra55v140_iaf_cycle4 e1c2425a', 'remove old run summaries', 'revert to timestep = 540s', 'add run summary', 'update qsub_loop.sh to suit this experiment; rename rather than delete original file in reduce_sigfig.sh', 'sync to /g/data/ik11', 'fix sync_dirs to handle 3- or 4-digit output dirs', 'update run summary', 'fix sync_data.sh to handle 3- or 4-digit output dirs', 'tweak sync_dirs.sh', 'improve metadata', 'use most recent 2022 JRA55-do data', 'switch to gv90', 'output sea_level every 540s', '2022-11-23 20:55:33: Run 1005']",540,5,"[0.03, 0.003, 0.003, 0.003, 0.03, 0.0, 0.0, 0.0]","[1000000, 3530, 240, 560, 2360, -1, -1, -1]","[0, 3420, 180, 300, 2260, 0, 0, 0]","[1000000, 2680, 99999, 2470, 1320, -1, -1, -1]","[0, 2270, 2670, 2260, 1200, 0, 0, 0]",6512400
,,,,,,,,,,,,,,,,,,,,,,,,,,,,,,,,,,,,,,,,,,,,,,,,,,
,Run,Run start,Run end,"Run length (y, m, d, s)",Run length (days),Control directory,Output directory,Output GiB,Restart directory,Restart GiB,Run by,Run completion date,Job Id,Failed jobs,Failed jobids,Queue,Service Units,Walltime Used (hr),SU per model year,Walltime (hr) per model year,Wait (hr) between runs,SU per calendar day,Model years per calendar day,Memory Used (Gb),NCPUs Used,MOM NCPUs,CICE NCPUs,Fraction of MOM runtime in oasis_recv,Max MOM wait for oasis_recv (s),Max CICE wait for coupler (s),Max CICE I/O time (s),MOM tile layout,CICE tile distribution,CICE block_size_x,CICE block_size_y,Timestep (s),MOM barotropic split,CICE dynamic split (ndtd),Git hash of run,Commit date,Git-tracked file changes,Git log messages,accessom2.nml -> accessom2_nml -> ice_ocean_timestep,atmosphere/atm.nml -> runoff_nml -> num_runoff_caps,atmosphere/atm.nml -> runoff_nml -> runoff_caps,atmosphere/atm.nml -> runoff_nml -> runoff_caps_ie,atmosphere/atm.nml -> runoff_nml -> runoff_caps_is,atmosphere/atm.nml -> runoff_nml -> runoff_caps_je,atmosphere/atm.nml -> runoff_nml -> runoff_caps_js,ice/cice_in.nml -> setup_nml -> istep0
Total,12980,,,,1185.0,,,2946.058,,494.71500000000003,,,655239854,18,,,845897.05,34.827777777777776,3391872.2235148507,139.65218583992498,3548.1416666666664,3421382.283353007,14.699082273923894,192798.71999999974,157872,135993,21866,0.6279999999999999,5910.4284099999995,59275.719999999994,5954.740000000001,,,234,195,6480,1040,26,,,,,6480,64,,,,,,84110400
Mean,998.4615384615385,,,0.75,91.15384615384616,,,226.61984615384614,,70.67357142857144,,,50403065.692307696,1.3846153846153846,"[3654111.61538462 3671554.61538462 3673443.76923077 3674903.
 3690179.46153846 3693159.30769231 3696296.30769231 3706832.92307692
 3738451.38461538 3740201.38461538 3748697.53846154 3766488.23076923
 3769879.07692308 3770788.30769231 3818555.46153846 3843454.23076923
 3844203.53846154 3851236.53846154]",,65069.00384615384,2.679059829059829,260913.24796268082,10.742475833840384,295.6784722222222,285115.19027941726,1.224923522826991,14830.67076923075,12144.0,10461.0,1682.0,0.048307692307692315,454.6483392307692,4559.670769230769,458.0569230769231,125.0,,18.0,15.0,498.46153846153845,80.0,2.0,,,,,498.46153846153845,4.923076923076923,"[2.30769231e-03 2.30769231e-04 2.30769231e-04 2.30769231e-04
 2.30769231e-03 2.30769231e-04 2.30769231e-04 2.30769231e-04
 7.69230769e-05 0.00000000e+00 0.00000000e+00 0.00000000e+00
 2.30769231e-03 2.30769231e-04 2.30769231e-04 2.30769231e-04
 2.30769231e-03 0.00000000e+00 0.00000000e+00 0.00000000e+00
 2.30769231e-03 2.30769231e-04 2.30769231e-04 2.30769231e-04
 2.30769231e-03 0.00000000e+00 0.00000000e+00 0.00000000e+00
 2.30769231e-03 2.30769231e-04 2.30769231e-04 2.30769231e-04
 2.30769231e-03 0.00000000e+00 0.00000000e+00 0.00000000e+00
 2.30769231e-03 2.30769231e-04 2.30769231e-04 2.30769231e-04
 2.30769231e-03 0.00000000e+00 0.00000000e+00 0.00000000e+00
 2.30769231e-03 2.30769231e-04 2.30769231e-04 2.30769231e-04
 2.30769231e-03 0.00000000e+00 0.00000000e+00 0.00000000e+00
 2.30769231e-03 2.30769231e-04 2.30769231e-04 2.30769231e-04
 2.30769231e-03 0.00000000e+00 0.00000000e+00 0.00000000e+00
 2.30769231e-03 2.30769231e-04 2.30769231e-04 2.30769231e-04
 2.30769231e-03 0.00000000e+00 0.00000000e+00 0.00000000e+00
 2.30769231e-03 2.30769231e-04 2.30769231e-04 2.30769231e-04
 2.30769231e-03 0.00000000e+00 0.00000000e+00 0.00000000e+00
 2.30769231e-03 2.30769231e-04 2.30769231e-04 2.30769231e-04
 2.30769231e-03 0.00000000e+00 0.00000000e+00 0.00000000e+00
 2.30769231e-03 2.30769231e-04 2.30769231e-04 2.30769231e-04
 2.30769231e-03 0.00000000e+00 0.00000000e+00 0.00000000e+00
 2.30769231e-03 2.30769231e-04 2.30769231e-04 2.30769231e-04
 2.30769231e-03 0.00000000e+00 0.00000000e+00 0.00000000e+00]","[ 7.69230769e+04  2.71538462e+02  1.84615385e+01  4.30769231e+01
  7.69230769e+04  2.71538462e+02  1.84615385e+01  4.30769231e+01
  1.81538462e+02 -7.69230769e-02 -7.69230769e-02 -7.69230769e-02
  7.69230769e+04  2.71538462e+02  1.84615385e+01  4.30769231e+01
  1.81538462e+02 -7.69230769e-02 -7.69230769e-02 -7.69230769e-02
  7.69230769e+04  2.71538462e+02  1.84615385e+01  4.30769231e+01
  1.81538462e+02 -7.69230769e-02 -7.69230769e-02 -7.69230769e-02
  7.69230769e+04  2.71538462e+02  1.84615385e+01  4.30769231e+01
  1.81538462e+02 -7.69230769e-02 -7.69230769e-02 -7.69230769e-02
  7.69230769e+04  2.71538462e+02  1.84615385e+01  4.30769231e+01
  1.81538462e+02 -7.69230769e-02 -7.69230769e-02 -7.69230769e-02
  7.69230769e+04  2.71538462e+02  1.84615385e+01  4.30769231e+01
  1.81538462e+02 -7.69230769e-02 -7.69230769e-02 -7.69230769e-02
  7.69230769e+04  2.71538462e+02  1.84615385e+01  4.30769231e+01
  1.81538462e+02 -7.69230769e-02 -7.69230769e-02 -7.69230769e-02
  7.69230769e+04  2.71538462e+02  1.84615385e+01  4.30769231e+01
  1.81538462e+02 -7.69230769e-02 -7.69230769e-02 -7.69230769e-02
  7.69230769e+04  2.71538462e+02  1.84615385e+01  4.30769231e+01
  1.81538462e+02 -7.69230769e-02 -7.69230769e-02 -7.69230769e-02
  7.69230769e+04  2.71538462e+02  1.84615385e+01  4.30769231e+01
  1.81538462e+02 -7.69230769e-02 -7.69230769e-02 -7.69230769e-02
  7.69230769e+04  2.71538462e+02  1.84615385e+01  4.30769231e+01
  1.81538462e+02 -7.69230769e-02 -7.69230769e-02 -7.69230769e-02
  7.69230769e+04  2.71538462e+02  1.84615385e+01  4.30769231e+01
  1.81538462e+02 -7.69230769e-02 -7.69230769e-02 -7.69230769e-02]","[  0.         263.07692308  13.84615385  23.07692308   0.
 263.07692308  13.84615385  23.07692308 173.84615385   0.
   0.           0.           0.         263.07692308  13.84615385
  23.07692308 173.84615385   0.           0.           0.
   0.         263.07692308  13.84615385  23.07692308 173.84615385
   0.           0.           0.           0.         263.07692308
  13.84615385  23.07692308 173.84615385   0.           0.
   0.           0.         263.07692308  13.84615385  23.07692308
 173.84615385   0.           0.           0.           0.
 263.07692308  13.84615385  23.07692308 173.84615385   0.
   0.           0.           0.         263.07692308  13.84615385
  23.07692308 173.84615385   0.           0.           0.
   0.         263.07692308  13.84615385  23.07692308 173.84615385
   0.           0.           0.           0.         263.07692308
  13.84615385  23.07692308 173.84615385   0.           0.
   0.           0.         263.07692308  13.84615385  23.07692308
 173.84615385   0.           0.           0.           0.
 263.07692308  13.84615385  23.07692308 173.84615385   0.
   0.           0.           0.         263.07692308  13.84615385
  23.07692308 173.84615385   0.           0.           0.        ]","[ 7.69230769e+04  2.06153846e+02  7.69223077e+03  1.90000000e+02
  7.69230769e+04  2.06153846e+02  7.69223077e+03  1.90000000e+02
  1.01538462e+02 -7.69230769e-02 -7.69230769e-02 -7.69230769e-02
  7.69230769e+04  2.06153846e+02  7.69223077e+03  1.90000000e+02
  1.01538462e+02 -7.69230769e-02 -7.69230769e-02 -7.69230769e-02
  7.69230769e+04  2.06153846e+02  7.69223077e+03  1.90000000e+02
  1.01538462e+02 -7.69230769e-02 -7.69230769e-02 -7.69230769e-02
  7.69230769e+04  2.06153846e+02  7.69223077e+03  1.90000000e+02
  1.01538462e+02 -7.69230769e-02 -7.69230769e-02 -7.69230769e-02
  7.69230769e+04  2.06153846e+02  7.69223077e+03  1.90000000e+02
  1.01538462e+02 -7.69230769e-02 -7.69230769e-02 -7.69230769e-02
  7.69230769e+04  2.06153846e+02  7.69223077e+03  1.90000000e+02
  1.01538462e+02 -7.69230769e-02 -7.69230769e-02 -7.69230769e-02
  7.69230769e+04  2.06153846e+02  7.69223077e+03  1.90000000e+02
  1.01538462e+02 -7.69230769e-02 -7.69230769e-02 -7.69230769e-02
  7.69230769e+04  2.06153846e+02  7.69223077e+03  1.90000000e+02
  1.01538462e+02 -7.69230769e-02 -7.69230769e-02 -7.69230769e-02
  7.69230769e+04  2.06153846e+02  7.69223077e+03  1.90000000e+02
  1.01538462e+02 -7.69230769e-02 -7.69230769e-02 -7.69230769e-02
  7.69230769e+04  2.06153846e+02  7.69223077e+03  1.90000000e+02
  1.01538462e+02 -7.69230769e-02 -7.69230769e-02 -7.69230769e-02
  7.69230769e+04  2.06153846e+02  7.69223077e+03  1.90000000e+02
  1.01538462e+02 -7.69230769e-02 -7.69230769e-02 -7.69230769e-02
  7.69230769e+04  2.06153846e+02  7.69223077e+03  1.90000000e+02
  1.01538462e+02 -7.69230769e-02 -7.69230769e-02 -7.69230769e-02]","[  0.         174.61538462 205.38461538 173.84615385   0.
 174.61538462 205.38461538 173.84615385  92.30769231   0.
   0.           0.           0.         174.61538462 205.38461538
 173.84615385  92.30769231   0.           0.           0.
   0.         174.61538462 205.38461538 173.84615385  92.30769231
   0.           0.           0.           0.         174.61538462
 205.38461538 173.84615385  92.30769231   0.           0.
   0.           0.         174.61538462 205.38461538 173.84615385
  92.30769231   0.           0.           0.           0.
 174.61538462 205.38461538 173.84615385  92.30769231   0.
   0.           0.           0.         174.61538462 205.38461538
 173.84615385  92.30769231   0.           0.           0.
   0.         174.61538462 205.38461538 173.84615385  92.30769231
   0.           0.           0.           0.         174.61538462
 205.38461538 173.84615385  92.30769231   0.           0.
   0.           0.         174.61538462 205.38461538 173.84615385
  92.30769231   0.           0.           0.           0.
 174.61538462 205.38461538 173.84615385  92.30769231   0.
   0.           0.           0.         174.61538462 205.38461538
 173.84615385  92.30769231   0.           0.           0.        ]",6470030.769230769
Median,998.0,,,0.0,91.0,,,198.798,,70.646,,,49042576.0,0.0,[],,58109.04,2.3925,230699.20500000002,9.498485054347828,4.8741666666666665,202302.90045867767,0.8533080721111291,14807.040000000037,12144.0,10461.0,1682.0,0.046,392.174319,4002.22,407.43,125.0,,18.0,15.0,540.0,80.0,2.0,,,,,540.0,5.0,[0.03  0.003 0.003 0.003 0.03  0.    0.    0.   ],"[ 1.00e+06  3.53e+03  2.40e+02  5.60e+02  2.36e+03 -1.00e+00 -1.00e+00
 -1.00e+00]",[   0. 3420.  180.  300. 2260.    0.    0.    0.],"[ 1.0000e+06  2.6800e+03  9.9999e+04  2.4700e+03  1.3200e+03 -1.0000e+00
 -1.0000e+00 -1.0000e+00]",[   0. 2270. 2670. 2260. 1200.    0.    0.    0.],6467040.0
Min,992,2019-01-01T00:00:00,2019-04-01T00:00:00,"[0, 3, 0, 0]",90.0,/home/156/aek156/payu/01deg_jra55v140_iaf_cycle4_jra55v150_extension,/g/data/ik11/outputs/access-om2-01/01deg_jra55v140_iaf_cycle4_jra55v150_extension/output1000,196.746,/scratch/v45/aek156/access-om2/archive/01deg_jra55v140_iaf_cycle4_jra55v150_extension/restart1000,70.623,Andrew Kiss,2022-06-27T19:36:47,47573114,0,[],normal,55066.29,2.2672222222222222,223477.36025000003,9.201143518518519,0.006111111111111178,426.78646763357017,0.0017283248035105466,14694.400000000373,12144,10461,1682,0.032,354.54625,3567.47,378.29,"[150, 100]",sectrobin,18,15,360,80,2,01851472b3c4bf08cf3fe0529e0c0a85401c7a9f,2022-06-27 14:58:33 +1000,,['2022-06-30 00:54:31: Run 995'],360,4,"[0.03, 0.003, 0.003, 0.003]","[1000000, 3530, 240, 560]","[0, 3420, 180, 300]","[1000000, 2680, 99999, 2470]","[0, 2270, 2670, 2260]",6428160
Max,1005,2022-04-01T00:00:00,2022-07-01T00:00:00,"[0, 3, 0, 0]",92.0,/home/156/aek156/payu/01deg_jra55v140_iaf_cycle4_jra55v150_extension,/g/data/ik11/outputs/access-om2-01/01deg_jra55v140_iaf_cycle4_jra55v150_extension/output998,563.769,/scratch/v45/aek156/access-om2/archive/01deg_jra55v140_iaf_cycle4_jra55v150_extension/restart995,70.752,Andrew Kiss,2022-11-23T23:26:38,64599435,10,"[49964905, 49974646, 50066075]",normal,109916.69,4.525555555555556,441176.60464285716,18.164386446886446,3457.1558333333332,581426.8738853503,2.544453667700642,15083.519999999553,12144,10461,1682,0.079,785.624587,9738.71,668.63,"[150, 100]",sectrobin,18,15,540,80,2,db3190f9c46ff996bbfb610f04526b905bf88609,2022-11-23 20:55:33 +1100,manifests/restart.yaml,"['switch to JRA55-do v1.5.0.1 forcing for 2020-01-01 onwards', '2022-06-30 09:38:38: Run 996']",540,5,"[0.03, 0.003, 0.003, 0.003, 0.03, 0.0, 0.0, 0.0]","[1000000, 3530, 240, 560, 2360, -1, -1, -1]","[0, 3420, 180, 300, 2260, 0, 0, 0]","[1000000, 2680, 99999, 2470, 1320, -1, -1, -1]","[0, 2270, 2670, 2260, 1200, 0, 0, 0]",6512400
Std dev,4.180824074369598,,,1.299038105676658,0.7692307692307693,,,97.33471066681051,,0.048778968368568494,,,4154550.3750584014,2.704368589422607,,,15060.74433655692,0.6200899202865634,61260.28391179633,2.522244823742384,953.29379921342,218237.6316657423,0.9767495410487796,99.2304744180813,0.0,0.0,0.0,0.011789073268103396,132.49271343170926,1559.6513236492785,91.49905534481807,25.0,,0.0,0.0,75.83850796225377,0.0,0.0,,,,,75.83850796225377,0.26646935501059643,,,,,,27091.740001914994
SU correlation,-0.3246040991272238,,,,-0.3251424803317695,,,-0.06888155262436794,,,,,-0.1135622141393867,0.9011686111502326,,,1.0,0.9999999999999869,0.9994389319684981,0.9994389353451889,,,,0.19209017745377227,nan,nan,nan,-0.23671267405004995,0.4350526017609856,0.9144336803282446,0.531427470103628,,,nan,nan,-0.8714489640503948,nan,nan,,,,,-0.8714489640503948,-0.21393845571312214,,,,,,-0.32460409912722366
SU slope,-1169.3339065673354,,,,-6365.954100000018,,,-10.658144935899298,,,,,-0.00041167667233366507,5018.646537216828,,,0.9999999999999996,24288.000568686337,0.2457104876636159,5967.816503594073,,,,29.15456233743559,2.6790597762744497,3.1100757024258594,19.342747873410772,-302404.52188351494,49.45340644301406,8.830212024529052,87.47296057310895,,,1807.4723290598286,2168.9667948717943,-173.06076296296294,406.6812740384615,16267.250961538459,,,,,-173.06076296296294,-12091.718333333245,,,,,,-0.1804527633591626
Dimensionless SU slope,-17.943027590939124,,,,-8.917935827415432,,,-0.037119780892445026,,,,,-0.3188886433344537,0.1067927091954073,,,0.9999999999999996,1.0000000431172422,0.9852482381071161,0.9852482869144548,,,,6.644972104841579,0.49999999999999994,0.4999999999999999,0.49999999999999994,-0.2245072727737346,0.3455394700951698,0.6187717234699154,0.6157708402495491,,,0.4999999999999999,0.4999999999999999,-1.3257331302905004,0.49999999999999994,0.49999999999999994,,,,,-1.3257331302905004,-0.9148512497275262,,,,,,-17.943027590939714
